abbas	aB@1Z	enuroot.dic
abduce	aBJz@1S	enuroot.dic
abdul	aBDu1j	enuroot.dic
abert	@1B3Tp	enuroot.dic
abjad	@1BJzaDp	enuroot.dic
abkhaz	aBKH@1Z	enuroot.dic
abloh	@1BLO	enuroot.dic
acab	@1KaBp	enuroot.dic
accad	@1KaDp	enuroot.dic
accha	@1KCso	enuroot.dic
Accu	@1KU	enumain.dic
aceh	@1Se	enuroot.dic
achill	@1Csij	enuroot.dic
ackee	@1KE	enuroot.dic
acoel	@1KOj	enuroot.dic
acqhire	@1K5	enuroot.dic
adamse	@1DaMS	enuroot.dic
addend	@1DeNDp	enuroot.dic
addon	@1DoN	enuroot.dic
adee	@1DE	enuroot.dic
aden	@1DeN	enuroot.dic
adeps	@1DePS	enuroot.dic
adfreeze	aDFRE1Z	enuroot.dic
adfroze	aDFRO1Z	enuroot.dic
adie	@1DI	enuroot.dic
adis	@1DiS	enuroot.dic
adjei	@1JzE	enuroot.dic
adman	@1DMaN	enuroot.dic
admass	@1DMaS	enuroot.dic
adnexed	aDNe1KSTp	enuroot.dic
adnote	aDNO1Tp	enuroot.dic
advil	@1DVij	enuroot.dic
aescape	eSK@1Pp	enuroot.dic
afab	@1FaBp	enuroot.dic
affleck	@1FLeKp	enuroot.dic
afreet	@1FRETp	enuroot.dic
afrit	@1FRiTp	enuroot.dic
agee	@1JzE	enuroot.dic
agene	@1JzEN	enuroot.dic
agey	@1JzA	enuroot.dic
agit	@1GiTp	enuroot.dic
agley	aGLE1	enuroot.dic
aglist	aGL|1STp	enuroot.dic
agnize	aGNI1Z	enuroot.dic
agon	@1GoN	enuroot.dic
agrafe	aGR@1F	enuroot.dic
agua	@1GWo	enuroot.dic
ahab	@1daBp	enuroot.dic
ahaz	@1daZ	enuroot.dic
ahdoot	otb1Tp	enuroot.dic
ahmaud	oMw1Dp	enuroot.dic
ahmir	oM31	enuroot.dic
ahvaz	oV@1Z	enuroot.dic
ahwaz	aWo1Z	enuroot.dic
aiguille	AG|1j	enuroot.dic
ajay	@1JzA	enuroot.dic
aji	oJzE1	enuroot.dic
ajman	IM@1N	enuroot.dic
akhund	aKH@1NDp	enuroot.dic
alcor	ajK31	enuroot.dic
aleck	@1LeKp	enuroot.dic
aley	@1jE	enuroot.dic
alie	@1LI	enuroot.dic
alkaid	ajKA1Dp	enuroot.dic
allene	@1jEN	enuroot.dic
allies	@1LIZ	enuroot.dic
allose	@1LOZ	enuroot.dic
ally	@1LI	enuroot.dic
aloed	@1LODp	enuroot.dic
aloy	@1Ly	enuroot.dic
alphonse	a1jFoNS	enuroot.dic
alyse	aj|1Z	enuroot.dic
amab	@1MaBp	enuroot.dic
ament	@1MeNTp	enuroot.dic
amice	@1MIS	enuroot.dic
amide	@1MIDp	enuroot.dic
amie	@1MI	enuroot.dic
amyl	@1Mij	enuroot.dic
anam	aN@1M	enuroot.dic
anan	aN@1N	enuroot.dic
andee	a1NDE	enuroot.dic
andres	o1NJzRAS	enuroot.dic
aneled	aN@1jDp	enuroot.dic
anglais	a~GLA1S	enuroot.dic
anglaise	a~GLA1Z	enuroot.dic
angrez	a~GRe1Z	enuroot.dic
anish	aN|1s	enuroot.dic
annales	aNA1jZ	enuroot.dic
antibes	aNT|1BZ	enuroot.dic
apec	@1PeKp	enuroot.dic
aplite	@1PLITp	enuroot.dic
aprone	@1PRON	enuroot.dic
apus	@1PvS	enuroot.dic
aram	@1RaM	enuroot.dic
archine	rK|1N	enuroot.dic
ardennes	rt|1NZ	enuroot.dic
ardern	rt31N	enuroot.dic
argute	rGYb1Tp	enuroot.dic
aril	@1Rij	enuroot.dic
arkane	rK@1N	enuroot.dic
arnaz	rN@1Z	enuroot.dic
ascap	@1SGaPp	enuroot.dic
aschheim	@1sIM	enuroot.dic
asci	@1SI	enuroot.dic
ascon	@1SGoN	enuroot.dic
ascus	@1SGvS	enuroot.dic
ashish	as|1s	enuroot.dic
aspec	@1SBeKp	enuroot.dic
aspie	@1SBI	enuroot.dic
asswipe	@1SWIPp	enuroot.dic
asthaa	@1SXo	enuroot.dic
astra	@1STRo	enuroot.dic
astrix	@1STRiKS	enuroot.dic
astroid	@1STRyDp	enuroot.dic
astroids	@1STRyDZ	enuroot.dic
asus	@1SvS	enuroot.dic
aten	@1TeN	enuroot.dic
atoll	@1TOj	enuroot.dic
aton	@1TvN	enuroot.dic
auberge	fB31Gp	enuroot.dic
aucoin	wKy1N	enuroot.dic
auvergne	wV31GN	enuroot.dic
averell	@1Vkl	enuroot.dic
avox	@1VoKS	enuroot.dic
avram	@1VRaM	enuroot.dic
awol	@1Woj	enuroot.dic
ayin	@1YiN	enuroot.dic
ayuh	@1Yv	enuroot.dic
azaan	aZo1N	enuroot.dic
azan	aZ@1N	enuroot.dic
azir	aZ31	enuroot.dic
babiche	BaB|1Cs	enuroot.dic
babouche	BaBf1Cs	enuroot.dic
babul	BaB|1j	enuroot.dic
bacchant	BaKCs@1NTp	enuroot.dic
backdate	BaKDA1Tp	enuroot.dic
baddiel	BatE1j	enuroot.dic
badoo	Batb1	enuroot.dic
bahar	BAdr1	enuroot.dic
baikal	BAK@1j	enuroot.dic
bairam	Bk@1M	enuroot.dic
bakhmut	BaKM@1Tp	enuroot.dic
balat	Baja1Tp	enuroot.dic
balau	Bajf1	enuroot.dic
ballon	Baj@1N	enuroot.dic
balmain	BajM@1N	enuroot.dic
baloch	Bajo1Kp	enuroot.dic
baluch	Bajv1Kp	enuroot.dic
banku	Ba~KYb1	enuroot.dic
baquet	BaKW|1Tp	enuroot.dic
barack	Bka1Kp	enuroot.dic
barak	Bra1Kp	enuroot.dic
baratte	Bk@1Tp	enuroot.dic
baraz	Bk@1Z	enuroot.dic
barchan	BrCs@1N	enuroot.dic
bardem	Brt|1M	enuroot.dic
bardet	Brt|1Tp	enuroot.dic
bardot	Brt@1Tp	enuroot.dic
barone	BkO1N	enuroot.dic
barouche	Bkf1Cs	enuroot.dic
bartees	Br1TEZ	enuroot.dic
basalt	BaZ@1jTp	enuroot.dic
bashar	Basr1	enuroot.dic
bashaw	Basw1	enuroot.dic
bashir	Bas31	enuroot.dic
basij	BazE1	enuroot.dic
basquine	BaSKW|1N	enuroot.dic
bastille	BaST@1j	enuroot.dic
bataan	BaTo1N	enuroot.dic
bataille	BaTA1j	enuroot.dic
batiste	Bat|1STp	enuroot.dic
battue	BaTb1	enuroot.dic
bayeux	BAYb1KS	enuroot.dic
baykal	BAK@1j	enuroot.dic
bayram	Bk@1M	enuroot.dic
bazar	BAZr1	enuroot.dic
bazin	BaZ|1N	enuroot.dic
beaudoin	BOty1N	enuroot.dic
bedrid	B|1JzRiDp	enuroot.dic
bedroll	B|1JzROj	enuroot.dic
bedrot	B|1JzRoTp	enuroot.dic
beetee	BE1TE	enuroot.dic
begum	B|1GvM	enuroot.dic
beignet	BEGN|1Tp	enuroot.dic
bejan	B|1JzaN	enuroot.dic
beknave	BeKN@1V	enuroot.dic
beknown	BeKNO1N	enuroot.dic
belau	Bejf1	enuroot.dic
bemat	BeMa1Tp	enuroot.dic
bengal	Be~G|1j	enuroot.dic
bephrase	BeFR@1S	enuroot.dic
berar	B4Rr1	enuroot.dic
berdache	B3tA1Kp	enuroot.dic
berline	B3jI1N	enuroot.dic
berzerk	B3Z31Kp	enuroot.dic
besant	B|1SaNTp	enuroot.dic
beshat	Besa1Tp	enuroot.dic
besom	B|1SoM	enuroot.dic
besprent	BeSPR|1NTp	enuroot.dic
bethann	B|1xaN	enuroot.dic
bethpage	BeXP|1Jz	enuroot.dic
bevan	B|1VaN	enuroot.dic
bezant	B|1ZaNTp	enuroot.dic
bezoar	B|1Zg	enuroot.dic
bhopal	BOP|1j	enuroot.dic
bichir	BiCs31	enuroot.dic
bifanged	BiFa1~Dp	enuroot.dic
bihar	BIdr1	enuroot.dic
bijan	BiJz@1N	enuroot.dic
bikel	BiK@1j	enuroot.dic
bingsu	Bi~sb1	enuroot.dic
bingsus	Bi~S@1S	enuroot.dic
binocs	BiNo1KS	enuroot.dic
bireme	B|1REM	enuroot.dic
bishkek	BisKe1Kp	enuroot.dic
bitot	Bit@1Tp	enuroot.dic
bizet	BiZ|1Tp	enuroot.dic
blancmange	BLa~KM@1NJz	enuroot.dic
bobeche	BoB|1Cs	enuroot.dic
bocage	BoK|1Jz	enuroot.dic
boileau	BWo1LO	enuroot.dic
bonaire	BoNk1	enuroot.dic
bondee	Bo1NDE	enuroot.dic
bootee	Bb1TE	enuroot.dic
boran	BgR@1N	enuroot.dic
bosthoon	Bo1SXbN	enuroot.dic
bothside	BOXSI1Dp	enuroot.dic
bothsidesed	BoXSI1DZDp	enuroot.dic
boucle	BfK@1j	enuroot.dic
boudain	Bft@1N	enuroot.dic
boudin	Bft|1N	enuroot.dic
bougot	BfG@1Tp	enuroot.dic
bouguer	BfG31	enuroot.dic
bouin	Bb|1N	enuroot.dic
boujee	Bf1JzE	enuroot.dic
bourdain	B3t@1N	enuroot.dic
bourgeoise	B3Jzy1Z	enuroot.dic
bourget	B3Jz|1Tp	enuroot.dic
boushey	BfsE1	enuroot.dic
bovet	BoV|1Tp	enuroot.dic
boyar	ByY31	enuroot.dic
brabant	BRaB@1NTp	enuroot.dic
bralette	BR|1LeTp	enuroot.dic
breda	BRAt@1	enuroot.dic
brevet	BReV|1Tp	enuroot.dic
briand	BRIY@1NDp	enuroot.dic
briansk	BRIY@1NSKp	enuroot.dic
brickell	BRiK@1j	enuroot.dic
brioche	BRIYO1Cs	enuroot.dic
brisance	BRiZ@1NS	enuroot.dic
brisant	BRiZ@1NTp	enuroot.dic
brunet	BRbN|1Tp	enuroot.dic
bryansk	BRIY@1NSKp	enuroot.dic
buble	BUB|1j	enuroot.dic
bucktooth	BvKTb1X	enuroot.dic
bunself	Bv1NSejF	enuroot.dic
buret	BYc|1Tp	enuroot.dic
burnard	B3N31Dp	enuroot.dic
burnel	B3N@1j	enuroot.dic
burnoose	B3Nb1Z	enuroot.dic
burnous	B3N@1S	enuroot.dic
burpee	B31PE	enuroot.dic
busaa	BUZo1	enuroot.dic
bushehr	Bus31	enuroot.dic
butene	BY|1TEN	enuroot.dic
caballed	KaBw1jDp	enuroot.dic
caboched	KaBo1KTp	enuroot.dic
caboshed	KaB|1sTp	enuroot.dic
cabron	KaBR@1N	enuroot.dic
cachou	KaCsb1	enuroot.dic
cadiz	Kat|1Z	enuroot.dic
caerdydd	Kkt|1Dp	enuroot.dic
caffein	KaFI1N	enuroot.dic
cagoule	KaGf1j	enuroot.dic
cahoot	Kadb1Tp	enuroot.dic
cahow	KadO1	enuroot.dic
cailee	KA1LE	enuroot.dic
caillat	KAja1Tp	enuroot.dic
calais	KajA1S	enuroot.dic
calash	Kaj|1s	enuroot.dic
caleche	Kaj|1Cs	enuroot.dic
calot	Kaj@1Tp	enuroot.dic
calotte	Kaj@1Tp	enuroot.dic
camargue	KaM31Gp	enuroot.dic
camise	KaM|1Z	enuroot.dic
camog	KaMo1Gp	enuroot.dic
camonghne	KaMo1~GN	enuroot.dic
camphene	Ka1MFEN	enuroot.dic
camus	KAM@1S	enuroot.dic
canaille	KaNA1j	enuroot.dic
canard	KaN31Dp	enuroot.dic
candide	KaNDI1Dp	enuroot.dic
canoed	KaNO1Dp	enuroot.dic
canuck	KaNv1Kp	enuroot.dic
canute	KaNYb1Tp	enuroot.dic
capeesh	KaPE1s	enuroot.dic
capgras	KaPGR@1Z	enuroot.dic
capiche	KaP|1Cs	enuroot.dic
capisce	KaP|1S	enuroot.dic
capish	KaP|1s	enuroot.dic
capone	KaPO1N	enuroot.dic
caprie	KaPRE1	enuroot.dic
capris	KaPR|1S	enuroot.dic
capuche	KaPY|1Cs	enuroot.dic
carafe	Kk@1F	enuroot.dic
carax	Kka1KS	enuroot.dic
carlyle	KrjI1j	enuroot.dic
carnet	KrN|1Tp	enuroot.dic
carone	KkO1N	enuroot.dic
cartouch	KrTf1Cs	enuroot.dic
cartouche	KrTf1Cs	enuroot.dic
casar	KAZr1	enuroot.dic
casern	KaZ31N	enuroot.dic
caserne	KaZ31N	enuroot.dic
cassis	KaS|1S	enuroot.dic
castile	KaST@1j	enuroot.dic
catarrh	Kat31	enuroot.dic
cathay	KaXA1	enuroot.dic
cathect	KaXe1KTp	enuroot.dic
causeuse	Kwz@1Z	enuroot.dic
caveach	KaVE1Cs	enuroot.dic
cayuse	KAY@1Z	enuroot.dic
cecile	SeS@1j	enuroot.dic
celeb	Sej|1Bp	enuroot.dic
celine	SEjI1N	enuroot.dic
cenat	SeNa1Tp	enuroot.dic
cerclage	S3KL|1Jz	enuroot.dic
cerise	Sk|1Z	enuroot.dic
ceruse	Sk@1Z	enuroot.dic
chabris	CsaBR|1S	enuroot.dic
chaconne	CsaK@1N	enuroot.dic
chailly	CsALE1	enuroot.dic
chalutz	Csaj@1TS	enuroot.dic
chamar	CsAMr1	enuroot.dic
chambeau	sa1MBO	enuroot.dic
chamise	CsaM|1Z	enuroot.dic
chandon	CsaND@1N	enuroot.dic
changaa	Csa~Go1	enuroot.dic
changchun	Csa~Cs@1N	enuroot.dic
changsha	Csa~s@1	enuroot.dic
changzhou	Csa~zb1	enuroot.dic
chanson	CsaNS@1N	enuroot.dic
chantant	CsaNT@1NTp	enuroot.dic
chantel	CsaNT@1j	enuroot.dic
chanteuse	CsaNCs@1Z	enuroot.dic
chanute	CsaNYb1Tp	enuroot.dic
chapan	CsaP@1N	enuroot.dic
chapess	CsaP|1S	enuroot.dic
charcot	CsrK@1Tp	enuroot.dic
charline	CsrjI1N	enuroot.dic
charmaine	CsrM@1N	enuroot.dic
charmeuse	CsrMY@1Z	enuroot.dic
charoles	CskO1jZ	enuroot.dic
charpak	CsrPa1Kp	enuroot.dic
chartreuse	CsrCsR@1Z	enuroot.dic
chassagne	CsaSa1GN	enuroot.dic
chasseur	Csas31	enuroot.dic
chastain	CsaST@1N	enuroot.dic
chaussure	Csws31	enuroot.dic
chebar	CsEBr1	enuroot.dic
chelan	CsEj@1N	enuroot.dic
chemosed	KeMO1ZDp	enuroot.dic
chenille	CseN|1j	enuroot.dic
chequin	CseKW|1N	enuroot.dic
chereme	Cs|1REM	enuroot.dic
cherise	Csk|1Z	enuroot.dic
cheville	CsEVi1j	enuroot.dic
chewink	Csbi1~Kp	enuroot.dic
chiac	CsEYa1Kp	enuroot.dic
chibouk	CsiBf1Kp	enuroot.dic
chicane	CsiK@1N	enuroot.dic
chicham	sEK@1M	enuroot.dic
chillax	Csija1KS	enuroot.dic
chimere	KIM41	enuroot.dic
chimu	CsiMYb1	enuroot.dic
chinen	CsIN|1N	enuroot.dic
chinook	CsiNu1Kp	enuroot.dic
chopart	CsoP31Tp	enuroot.dic
chopine	CsoP|1N	enuroot.dic
chordee	Kg1DE	enuroot.dic
choree	K|1RE	enuroot.dic
choteau	s@1TO	enuroot.dic
choucroute	CsfKRf1Tp	enuroot.dic
choupette	sb1PeTp	enuroot.dic
chrysene	KR|1ZEN	enuroot.dic
chukchee	Csv1KCsE	enuroot.dic
chunam	CsbN@1M	enuroot.dic
chuvash	CsbV|1s	enuroot.dic
cinsault	SE1NSO	enuroot.dic
claqueur	KLaKW31	enuroot.dic
clochard	KLoCs31Dp	enuroot.dic
cobain	KoB@1N	enuroot.dic
coboss	KoB@1S	enuroot.dic
cochief	KoCsE1F	enuroot.dic
cochin	KoCs|1N	enuroot.dic
cochise	KoCs|1Z	enuroot.dic
cockayne	KoKA1N	enuroot.dic
cockrell	K|1KRej	enuroot.dic
cocksure	KoKs31	enuroot.dic
cocotte	KoK@1Tp	enuroot.dic
codrive	KoJzR|1V	enuroot.dic
codrove	KoJzRO1V	enuroot.dic
cognosce	KoGN@1S	enuroot.dic
cohan	K@1daN	enuroot.dic
cohee	K|1dE	enuroot.dic
cohees	K|1dEZ	enuroot.dic
cohill	K|1dij	enuroot.dic
cohosh	K@1dos	enuroot.dic
cohost	K@1dOSTp	enuroot.dic
cohosts	K@1dOSTS	enuroot.dic
coiffeuse	KyFY@1Z	enuroot.dic
cointise	KyNT|1Z	enuroot.dic
cointreau	KWo1NCsRO	enuroot.dic
cojoin	KoJzy1N	enuroot.dic
colab	Koj@1Bp	enuroot.dic
colace	Koj@1S	enuroot.dic
colbert	KOjB31Tp	enuroot.dic
colead	KojE1Dp	enuroot.dic
collab	Koj@1Bp	enuroot.dic
collate	KojA1Tp	enuroot.dic
collogue	KojO1Gp	enuroot.dic
colombes	Koj@1MBZ	enuroot.dic
comate	KOMA1Tp	enuroot.dic
commish	KoM|1s	enuroot.dic
commorth	K@1MgX	enuroot.dic
compend	K|1MPeNDp	enuroot.dic
compline	K@1MPLIN	enuroot.dic
complot	K@1MPLoTp	enuroot.dic
conflate	KoNFLA1Tp	enuroot.dic
confrere	K|1NFR4	enuroot.dic
congee	K|1NJzE	enuroot.dic
congrat	Ko~GRa1Tp	enuroot.dic
congreve	Ko1~GREV	enuroot.dic
contrail	K|1NCsRAj	enuroot.dic
contrails	K|1NCsRAjZ	enuroot.dic
coohee	Kb1dE	enuroot.dic
coord	KO1gDp	enuroot.dic
coquet	KoKW|1Tp	enuroot.dic
coqui	KOKE1	enuroot.dic
coquille	KoKW@1j	enuroot.dic
corbelled	Kg1BejDp	enuroot.dic
cordae	KgtA1	enuroot.dic
cornute	KgNYb1Tp	enuroot.dic
corook	KgRu1Kp	enuroot.dic
corot	KgR@1Tp	enuroot.dic
coscript	KoSKR|1PTp	enuroot.dic
cosleep	KoZLE1Pp	enuroot.dic
coslept	KoZL|1PTp	enuroot.dic
coulee	Kf1LE	enuroot.dic
couleur	Kfj31	enuroot.dic
coulis	Kbj|1S	enuroot.dic
courant	K3@1NTp	enuroot.dic
courtrai	KgCsRA1	enuroot.dic
cowrite	KwRI1Tp	enuroot.dic
cremains	KReM@1NZ	enuroot.dic
cremorne	KReM31N	enuroot.dic
crimplene	KR|1MPLEN	enuroot.dic
croquis	KRoKW|1S	enuroot.dic
crouzon	KRfZ@1N	enuroot.dic
crucet	KRbS|1Tp	enuroot.dic
cugine	KUJz|1N	enuroot.dic
cuirass	Kc@1S	enuroot.dic
culotte	KUj@1Tp	enuroot.dic
cumene	KY|1MEN	enuroot.dic
curet	KYc|1Tp	enuroot.dic
curvet	K3V|1Tp	enuroot.dic
cushaw	Kusw1	enuroot.dic
cutscene	Kv1TSEN	enuroot.dic
cyclene	SI1K@jN	enuroot.dic
cymene	S|1MEN	enuroot.dic
cymraeg	SiMRA1Gp	enuroot.dic
cádiz	Kat|1Z	enuroot.dic
dacoit	DaKy1Tp	enuroot.dic
dacquoise	DaKWy1Z	enuroot.dic
dafuck	DaFv1Kp	enuroot.dic
dakoit	DaKy1Tp	enuroot.dic
daleep	DajE1Pp	enuroot.dic
dalian	DAjY@1N	enuroot.dic
damad	DaM@1Dp	enuroot.dic
dammann	D@1MaN	enuroot.dic
damour	DaM31	enuroot.dic
danez	DoNe1Z	enuroot.dic
danseur	DaNs31	enuroot.dic
danseuse	DaNs@1Z	enuroot.dic
daoud	DAYf1Dp	enuroot.dic
darfur	DrF31	enuroot.dic
darline	DrjI1N	enuroot.dic
dashiell	DasE1j	enuroot.dic
dastur	DaSCs31	enuroot.dic
davar	DAVr1	enuroot.dic
daveed	DaVE1Dp	enuroot.dic
dawid	DoW|1Dp	enuroot.dic
debar	DEBr1	enuroot.dic
debee	D|1BE	enuroot.dic
decaf	D|1KaF	enuroot.dic
decare	D|1Kk	enuroot.dic
decomm	D|1KoM	enuroot.dic
decrypt	DeKR|1PTp	enuroot.dic
defat	DeFa1Tp	enuroot.dic
deflexed	D|1FLeKSTp	enuroot.dic
degas	DAG@1Z	enuroot.dic
degrowth	D|1GROX	enuroot.dic
delbecq	De1jBeKp	enuroot.dic
delis	D|1LiS	enuroot.dic
delmap	De1jMaPp	enumain.dic
delphi	De1jFI	enuroot.dic
demarch	D|1MrCs	enuroot.dic
demers	DEM31Z	enuroot.dic
demix	D|1MiKS	enuroot.dic
denys	D|1NIZ	enuroot.dic
deop	DEY@1Pp	enuroot.dic
depop	D|1PoPp	enuroot.dic
derate	D4RA1Tp	enuroot.dic
derrell	D|1Rej	enuroot.dic
descant	D|1SGaNTp	enuroot.dic
detrol	D|1CsRoj	enuroot.dic
devan	D|1VaN	enuroot.dic
devest	DEV|1STp	enuroot.dic
dewar	D|1Wg	enuroot.dic
dhalac	Daja1Kp	enuroot.dic
dhanush	DaN|1s	enuroot.dic
dijon	DiJz@1N	enuroot.dic
diktat	DiKTa1Tp	enuroot.dic
dilip	Dij|1Pp	enuroot.dic
dillane	Dij@1N	enuroot.dic
dimanche	DiM@1NCs	enuroot.dic
dinar	DINr1	enuroot.dic
dirac	D4Ra1Kp	enuroot.dic
discant	D|1SGaNTp	enuroot.dic
discose	D|1SGOZ	enuroot.dic
discount	D|1SGfNTp	enuroot.dic
diseme	D|1SEM	enuroot.dic
disemes	D|1SEMZ	enuroot.dic
disfame	D|1SFAM	enuroot.dic
diskpart	D|1SKPrTp	enuroot.dic
disome	D|1SOM	enuroot.dic
displant	DiSPLa1NTp	enuroot.dic
disproof	DiSPRb1F	enuroot.dic
disrate	DiZRA1Tp	enuroot.dic
disroot	DiSRb1Tp	enuroot.dic
distaff	D|1SDaF	enuroot.dic
disthene	D|1SXEN	enuroot.dic
distich	D|1SDiCs	enuroot.dic
distome	D|1SDOM	enuroot.dic
diwan	DEWo1N	enuroot.dic
djallon	Jzaj@1N	enuroot.dic
dobell	DoB|1j	enuroot.dic
doggone	DwGO1N	enuroot.dic
doggoned	DwGO1NDp	enuroot.dic
dokee	D|1KE	enuroot.dic
donets	DoN|1TS	enuroot.dic
donetsk	DoN|1TSKp	enuroot.dic
doogee	Db1JzE	enuroot.dic
doree	D|1RE	enuroot.dic
douai	DbA1	enuroot.dic
doucet	DfS|1Tp	enuroot.dic
douceur	Dfs31	enuroot.dic
doucleff	DfKL|1F	enuroot.dic
dourine	DgR|1N	enuroot.dic
downfield	DfNFE1jDp	enuroot.dic
downpress	DfNPR|1S	enuroot.dic
downwind	DfNW|1NDp	enuroot.dic
dubus	DbB@1S	enuroot.dic
duchamp	DbCs@1MPp	enuroot.dic
duchenne	DbCs|1N	enuroot.dic
dufresn	DvFR|1ZN	enuroot.dic
dufresne	DvFR|1ZN	enuroot.dic
duggee	D|1GE	enuroot.dic
dulong	Dbjo1~p	enuroot.dic
dumfound	DvMFf1NDp	enuroot.dic
duquesne	DbKW|1ZN	enuroot.dic
durand	Dc@1NDp	enuroot.dic
durang	Dca1~p	enuroot.dic
durrell	D|1Rej	enuroot.dic
dustoor	DvSTc1	enuroot.dic
dustour	DvSTc1	enuroot.dic
duvet	DbV|1Tp	enuroot.dic
dvina	DVEN@1	enuroot.dic
eclat	eKLa1Tp	enuroot.dic
eclect	eKLe1KTp	enuroot.dic
ecorse	eK31S	enuroot.dic
ecoute	eKf1Tp	enuroot.dic
egad	eG@1Dp	enuroot.dic
egest	eJz|1STp	enuroot.dic
egressed	EGRe1STp	enuroot.dic
ehud	ed@1Dp	enuroot.dic
eilat	Eja1Tp	enuroot.dic
eisele	I1ZEj	enuroot.dic
eland	@1j@NDp	enuroot.dic
elath	|1LaX	enuroot.dic
elburz	ejB31TS	enuroot.dic
elie	|1LI	enuroot.dic
ellipt	ej|1PTp	enuroot.dic
elon	|1LoN	enuroot.dic
elyse	ej|1Z	enuroot.dic
emeet	|1METp	enuroot.dic
emgage	eMG|1Jz	enuroot.dic
emin	|1MiN	enuroot.dic
emul	|1Mvj	enuroot.dic
enbrel	|1NBRej	enuroot.dic
enclave	|1~KLAV	enuroot.dic
enclayve	|1~KLAV	enuroot.dic
encore	|1~Kg	enuroot.dic
endarch	|1NDrCs	enuroot.dic
endive	|1NDIV	enuroot.dic
endnote	|1NDNOTp	enuroot.dic
engram	|1~GRaM	enuroot.dic
engramme	|1~GRaM	enuroot.dic
enol	|1Noj	enuroot.dic
enron	|1NRoN	enuroot.dic
ensphered	eNSF31Dp	enuroot.dic
entad	|1NTaDp	enuroot.dic
entjie	|1NTYI	enuroot.dic
enum	|1NvM	enuroot.dic
envoi	|1NVy	enuroot.dic
envois	|1NVyS	enuroot.dic
ephebe	|1FEBp	enuroot.dic
eros	|1RoS	enuroot.dic
essart	eS31Tp	enuroot.dic
essoin	eSy1N	enuroot.dic
estrone	|1STRON	enuroot.dic
ethene	|1XEN	enuroot.dic
eustele	Yb1SDEj	enuroot.dic
evulse	eV@1jS	enuroot.dic
exarch	|1GZrCs	enuroot.dic
exclave	|1KSKLAV	enuroot.dic
exec	eKse1Kp	enuroot.dic
exforge	|1KSFgJz	enuroot.dic
exome	|1GZOM	enuroot.dic
extrorse	|1KSCsRgS	enuroot.dic
exurb	|1GZ3Bp	enuroot.dic
fahim	Fad|1M	enuroot.dic
faience	FAY|1NS	enuroot.dic
faison	FAZ@1N	enuroot.dic
fakir	FaK31	enuroot.dic
fallot	Faj@1Tp	enuroot.dic
fanteeg	FaNTE1Gp	enuroot.dic
farage	Fk|1Jz	enuroot.dic
farfetch	FrF|1Cs	enuroot.dic
farid	Fk|1Dp	enuroot.dic
farooq	Fkb1Kp	enuroot.dic
farouche	Fkf1Cs	enuroot.dic
farrar	Fkr1	enuroot.dic
faruq	Fkv1Kp	enuroot.dic
fatah	Fat@1	enuroot.dic
fatale	FaTA1j	enuroot.dic
fatar	FATr1	enuroot.dic
fattoush	FaTf1s	enuroot.dic
fellate	FejA1Tp	enuroot.dic
fellise	Fej|1Z	enuroot.dic
femcee	Fe1MSE	enuroot.dic
ferdutzt	F3t@1TSTp	enuroot.dic
ferninst	F3N|1NSTp	enuroot.dic
ferrell	F|1Rej	enuroot.dic
ferrer	Fk31	enuroot.dic
fibranne	F|1BRaN	enuroot.dic
filipes	Fij|1PS	enuroot.dic
fionn	FIY@1N	enuroot.dic
firaq	F4Ra1Kp	enuroot.dic
firas	F4R@1Z	enuroot.dic
fitzhugh	F|1TSHU	enuroot.dic
flambeau	FLa1MBO	enuroot.dic
flamel	FLaM@1j	enuroot.dic
flaneur	FLaNY31	enuroot.dic
flaneuse	FLaNY@1Z	enuroot.dic
flaubert	FLfB31Tp	enuroot.dic
flodin	FLot|1N	enuroot.dic
foment	FoM|1NTp	enuroot.dic
fondu	FoNDb1	enuroot.dic
fondue	FoNDb1	enuroot.dic
forby	FgBE1	enuroot.dic
fordid	Fgt|1Dp	enuroot.dic
fordoes	FgtO1Z	enuroot.dic
fordone	FgtO1N	enuroot.dic
fordow	FgtO1	enuroot.dic
forecheck	Fg1CseKp	enuroot.dic
forechecked	Fg1CseKTp	enuroot.dic
forechecks	Fg1CseKS	enuroot.dic
foreday	Fg1DA	enuroot.dic
foredeck	Fg1DeKp	enuroot.dic
foreface	Fg1FAS	enuroot.dic
foregut	Fg1GvTp	enuroot.dic
foreguts	Fg1GvTS	enuroot.dic
forehard	Fg1drDp	enuroot.dic
foremilk	Fg1MijKp	enuroot.dic
forenext	Fg1NeKSTp	enuroot.dic
forepassed	Fg1PaSTp	enuroot.dic
forepast	Fg1PaSTp	enuroot.dic
forepaw	Fg1Pw	enuroot.dic
forepaws	Fg1PwZ	enuroot.dic
forepeak	Fg1PEKp	enuroot.dic
forepeaks	Fg1PEKS	enuroot.dic
foreshank	Fg1sa~Kp	enuroot.dic
foreshanks	Fg1sa~KS	enuroot.dic
foresheet	Fg1sETp	enuroot.dic
foresheets	Fg1sETS	enuroot.dic
foreshore	Fg1sg	enuroot.dic
forestay	Fg1SDA	enuroot.dic
foretime	Fg1TIM	enuroot.dic
foretooth	Fg1TbX	enuroot.dic
foretop	Fg1ToPp	enuroot.dic
foretops	Fg1ToPS	enuroot.dic
forewale	Fg1WAj	enuroot.dic
forewales	Fg1WAjZ	enuroot.dic
forfend	FgF|1NDp	enuroot.dic
forjudge	FgJz|1Jz	enuroot.dic
formene	Fg1MEN	enuroot.dic
fornent	FgN|1NTp	enuroot.dic
forspent	FgSP|1NTp	enuroot.dic
forswear	FgSWk1	enuroot.dic
forswunk	F31SWv~Kp	enuroot.dic
forsyth	F31SiX	enuroot.dic
forwent	FgW|1NTp	enuroot.dic
forworn	FgWg1N	enuroot.dic
fougasse	FfG@1S	enuroot.dic
foulard	Ffj31Dp	enuroot.dic
foulmouthed	FfjMf1xDp	enuroot.dic
fourchet	FgCs|1Tp	enuroot.dic
fourscore	FgSKg1	enuroot.dic
foursquare	FgSKW31	enuroot.dic
fraktur	FRaKCs31	enuroot.dic
framboise	FRaMBy1Z	enuroot.dic
francais	FRa~KA1S	enuroot.dic
franglais	FRa~GLA1S	enuroot.dic
frankovsk	FRa~K@1VSKp	enuroot.dic
frazee	FR|1ZE	enuroot.dic
freevee	FRE1VE	enuroot.dic
fresnel	FReZN@1j	enuroot.dic
friseur	FRiz31	enuroot.dic
frisson	FRiS@1N	enuroot.dic
froideur	FRyJz31	enuroot.dic
fromage	FRoM|1Jz	enuroot.dic
frontstage	FRvNSTA1Jz	enuroot.dic
frottage	FRot|1Jz	enuroot.dic
fuad	FU@1Dp	enuroot.dic
fuchal	FUCs@1j	enuroot.dic
fuckee	F|1KE	enuroot.dic
fugees	FY|1JzEZ	enuroot.dic
gabor	GAB31	enuroot.dic
gadzooks	GaDZu1KS	enuroot.dic
gainsaid	GANSA1Dp	enuroot.dic
gainsay	GANSA1	enuroot.dic
gakkai	GaKA1	enuroot.dic
galah	Gaj@1	enuroot.dic
galloot	Gajb1Tp	enuroot.dic
galoot	Gajb1Tp	enuroot.dic
galosh	Gaj|1s	enuroot.dic
galumph	Gaj@1MF	enuroot.dic
gamal	GAM@1j	enuroot.dic
gamboge	GaMBO1Jz	enuroot.dic
gameel	GaME1j	enuroot.dic
gamete	G|1METp	enuroot.dic
gamzee	Ga1MZE	enuroot.dic
ganache	GaNA1Kp	enuroot.dic
ganca	Ga~K@1	enuroot.dic
ganesh	GaN|1s	enuroot.dic
gannett	GaN|1Tp	enuroot.dic
ganoosh	GaNb1s	enuroot.dic
ganoush	GaNf1s	enuroot.dic
garam	Gk@1M	enuroot.dic
garand	Gk@1NDp	enuroot.dic
garcon	GrK@1N	enuroot.dic
garotte	Gk@1Tp	enuroot.dic
garrot	Gk@1Tp	enuroot.dic
garrote	GkO1Tp	enuroot.dic
garrotte	Gk@1Tp	enuroot.dic
gaucher	GwCs31	enuroot.dic
gauguin	GwG|1N	enuroot.dic
gauteng	GwTe1~p	enuroot.dic
gavage	GaV|1Jz	enuroot.dic
gavotte	GaV@1Tp	enuroot.dic
gawad	GoWo1Dp	enuroot.dic
gawain	GoW@1N	enuroot.dic
gazar	GAZr1	enuroot.dic
gazump	GaZ@1MPp	enuroot.dic
geechee	JzE1CsE	enuroot.dic
gemot	JzeM@1Tp	enuroot.dic
gemote	JzeMO1Tp	enuroot.dic
genain	JzeN@1N	enuroot.dic
genoise	JzeNy1Z	enuroot.dic
geraint	JzkA1NTp	enuroot.dic
gervais	Jz3VA1S	enuroot.dic
gestalt	JzeST@1jTp	enuroot.dic
gevorg	JzEV31Gp	enuroot.dic
ghanoush	GaNf1s	enuroot.dic
ghattas	Gat@1Z	enuroot.dic
gheorghe	GEY31Gp	enuroot.dic
ghislaine	GiZL@1N	enuroot.dic
gibran	GiBR@1N	enuroot.dic
giddap	Git@1Pp	enuroot.dic
giddyap	GiDY@1Pp	enuroot.dic
giggar	GiGr1	enuroot.dic
gilad	Gij@1Dp	enuroot.dic
gilet	Gij|1Tp	enuroot.dic
gironde	Jz4R@1NDp	enuroot.dic
giroud	Jz4Rf1Dp	enuroot.dic
gisarme	GiZ31M	enuroot.dic
givhan	GiVd@1N	enuroot.dic
gobang	GoBa1~p	enuroot.dic
godard	Got31Dp	enuroot.dic
godet	Got|1Tp	enuroot.dic
godoy	Goty1	enuroot.dic
godspeed	GoDSPE1Dp	enuroot.dic
goodwill	GuDWi12j	enuroot.dic
gourmand	GcM@1NDp	enuroot.dic
govee	G|1VE	enuroot.dic
grabar	GRABr1	enuroot.dic
graycee	GRA1SE	enuroot.dic
grenache	GReNA1Kp	enuroot.dic
gribiche	GRiB|1Cs	enuroot.dic
grignard	GRiGN31Dp	enuroot.dic
grisaille	GRiZA1j	enuroot.dic
grotesk	GRot|1SKp	enuroot.dic
guangdong	GWa~Do1~p	enuroot.dic
guangzhou	GWa~zb1	enuroot.dic
guenon	GeN@1N	enuroot.dic
guffaw	GvFw1	enuroot.dic
guignol	GiGN@1j	enuroot.dic
guillain	Gij@1N	enuroot.dic
guipure	GiPY31	enuroot.dic
gustave	GuSTo1V	enuroot.dic
guzman	GuZM@1N	enuroot.dic
guzmán	GuZM@1N	enuroot.dic
gwangju	GWa~Jzb1	enuroot.dic
gwinnett	GWiN|1Tp	enuroot.dic
gäncä	Ga~K@1	enuroot.dic
habib	HaB|1Bp	enuroot.dic
haboob	HaBb1Bp	enuroot.dic
hachure	HaCs31	enuroot.dic
hadeel	HatE1j	enuroot.dic
hadid	Hat|1Dp	enuroot.dic
hadith	Hat|1X	enuroot.dic
hadoop	Hatb1Pp	enuroot.dic
hailee	HA1LE	enuroot.dic
hainaut	HANw1Tp	enuroot.dic
hakeem	HaKE1M	enuroot.dic
hakim	HaK|1M	enuroot.dic
haleem	HajE1M	enuroot.dic
halloo	Hajb1	enuroot.dic
halong	Hajo1~p	enuroot.dic
halutz	Haj@1TS	enuroot.dic
hamad	HaM@1Dp	enuroot.dic
hamal	HAM@1j	enuroot.dic
hamid	HaM|1Dp	enuroot.dic
hammal	HaM@1j	enuroot.dic
hammam	HaM@1M	enuroot.dic
handselled	Ha1NDSejDp	enuroot.dic
hangchou	Ha~Csb1	enuroot.dic
hangchow	Ha~CsO1	enuroot.dic
hangzhou	Ha~zb1	enuroot.dic
hanout	HaNf1Tp	enuroot.dic
haram	Hk@1M	enuroot.dic
haroun	Hkf1N	enuroot.dic
harrell	H|1Rej	enuroot.dic
harrumph	Hk@1MF	enuroot.dic
hathsin	HaXS|1N	enuroot.dic
hauteur	HwCs31	enuroot.dic
hazan	HaZ@1N	enuroot.dic
headfirst	HeDF31STp	enuroot.dic
hedjaz	HeJz@1Z	enuroot.dic
hejaz	HeJz@1Z	enuroot.dic
hellene	H|1jEN	enuroot.dic
heptet	HePT|1Tp	enuroot.dic
herat	Hka1Tp	enuroot.dic
herez	Hke1Z	enuroot.dic
hijab	HiJz@1Bp	enuroot.dic
hijaz	HiJz@1Z	enuroot.dic
himesh	HiM|1s	enuroot.dic
hisham	His@1M	enuroot.dic
hokee	H|1KE	enuroot.dic
hometel	HOMTe1j	enuroot.dic
hooray	HcA1	enuroot.dic
hormuz	HgM@1Z	enuroot.dic
hotez	HOTe1Z	enuroot.dic
hubei	HUBE1	enuroot.dic
hudood	HUtb1Dp	enuroot.dic
hudud	HUt@1Dp	enuroot.dic
huichol	HbCs@1j	enuroot.dic
huipil	HbP|1j	enuroot.dic
huisache	HbSA1Kp	enuroot.dic
hunan	HbNo1N	enuroot.dic
hurkacz	HcK@1TS	enuroot.dic
husain	HUZ@1N	enuroot.dic
husayn	HUZA1N	enuroot.dic
hussar	HvSr1	enuroot.dic
huzza	HbTS@1	enuroot.dic
huzzah	HvZ@1	enuroot.dic
hypaque	HI1PoKp	enuroot.dic
illote	ijO1Tp	enuroot.dic
illude	ijb1Dp	enuroot.dic
illume	ij@1M	enuroot.dic
imam	iM@1M	enuroot.dic
iman	iM@1N	enuroot.dic
imphal	|1MFaj	enuroot.dic
impost	|1MPOSTp	enuroot.dic
inbond	|1NBoNDp	enuroot.dic
inborn	iNBg1N	enuroot.dic
inbreak	|1NBRAKp	enuroot.dic
inbreath	|1NBReX	enuroot.dic
inbreathe	|1NBREx	enuroot.dic
inbreathed	|1NBRExDp	enuroot.dic
inbuilt	|1NBijTp	enuroot.dic
incase	|1~KAS	enuroot.dic
incent	iNS|1NTp	enuroot.dic
incheon	|1~KoN	enuroot.dic
inchon	|1NCsoN	enuroot.dic
incross	|1~KRwS	enuroot.dic
indene	|1NDEN	enuroot.dic
indone	|1NDvN	enuroot.dic
indrawn	|1NJzRwN	enuroot.dic
infall	|1NFwj	enuroot.dic
infans	|1NFaNZ	enuroot.dic
infare	|1NFk	enuroot.dic
ingress	|1~GReS	enuroot.dic
ingrown	|1~GRON	enuroot.dic
ingrowth	|1~GROX	enuroot.dic
inguen	|1~GeN	enuroot.dic
inhofe	|1NdOF	enuroot.dic
init	i1NiTp	enumain.dic
inkblot	|1~KBLoTp	enuroot.dic
inkself	|1~KSejF	enuroot.dic
inkspren	|1~KSPReN	enuroot.dic
inlaid	|1NLADp	enuroot.dic
inlaut	|1NLwTp	enuroot.dic
inmost	|1NMOSTp	enuroot.dic
innsbruck	|1NSBRvKp	enuroot.dic
innus	|1NvS	enuroot.dic
inode	|1NODp	enuroot.dic
inphase	|1NFAZ	enuroot.dic
inpour	|1NPg	enuroot.dic
inrun	|1NRvN	enuroot.dic
inrush	|1NRvs	enuroot.dic
inscape	|1NSGAPp	enuroot.dic
inseam	|1NSEM	enuroot.dic
inseat	|1NSETp	enuroot.dic
insheim	|1NsIM	enuroot.dic
inskeep	|1NSGEPp	enuroot.dic
insource	|1NSgS	enuroot.dic
instream	|1NSTREM	enuroot.dic
instroke	|1NSTROKp	enuroot.dic
inswept	|1NSWePTp	enuroot.dic
intern	|1NT3N	enuroot.dic
interne	|1NT3N	enuroot.dic
interned	|1NT3NDp	enuroot.dic
internes	|1NT3NZ	enuroot.dic
intest	iNT|1STp	enuroot.dic
inthrough	|1NXRb	enuroot.dic
intine	|1NTIN	enuroot.dic
intown	|1NTfN	enuroot.dic
intune	|1NTbN	enuroot.dic
inuk	iNv1Kp	enuroot.dic
inways	|1NWAZ	enuroot.dic
inzone	|1NZON	enuroot.dic
iraj	4RI1	enuroot.dic
irfan	3F@1N	enuroot.dic
iseult	iz@1jTp	enuroot.dic
ishaan	iso1N	enuroot.dic
isnad	iZN@1Dp	enuroot.dic
izmir	iZM31	enuroot.dic
izmit	iZM|1Tp	enuroot.dic
jaamal	JzoM@1j	enuroot.dic
jabbar	JzaBr1	enuroot.dic
jabeur	JzaBY31	enuroot.dic
jabot	JzaB@1Tp	enuroot.dic
jackiw	JzaKi1F	enuroot.dic
jackshit	JzaKs|1Tp	enuroot.dic
jafar	JzAFr1	enuroot.dic
jaleel	JzajE1j	enuroot.dic
jamaal	JzaMo1j	enuroot.dic
jamais	JzaMA1S	enuroot.dic
jamall	JzaM@1j	enuroot.dic
jambeau	Jza1MBO	enuroot.dic
jambeaux	Jza1MBO	enuroot.dic
jamee	Jz|1ME	enuroot.dic
jameel	JzaME1j	enuroot.dic
jamel	JzaM@1j	enuroot.dic
jamil	JzaM|1j	enuroot.dic
jamoke	JzaMO1Kp	enuroot.dic
jamshid	JzaMs|1Dp	enuroot.dic
jamshyd	JzaMs|1Dp	enuroot.dic
janay	JzaNA1	enuroot.dic
janiene	JzaNE1N	enuroot.dic
jauhar	Jzwdr1	enuroot.dic
javert	JzaV31Tp	enuroot.dic
jedeed	JzetE1Dp	enuroot.dic
jehad	Jzed@1Dp	enuroot.dic
jehan	JzEda1N	enuroot.dic
jejune	JzeJz@1N	enuroot.dic
jenin	JzeN|1N	enuroot.dic
jenise	JzeN|1Z	enuroot.dic
jenness	JzeN|1S	enuroot.dic
jerez	Jzke1Z	enuroot.dic
jerod	Jzk@1Dp	enuroot.dic
jerrod	Jzk@1Dp	enuroot.dic
jessee	Jz|1SE	enuroot.dic
jeunesse	JzbN|1S	enuroot.dic
jevon	JzeV@1N	enuroot.dic
jibran	JziBR@1N	enuroot.dic
jilin	Jzij|1N	enuroot.dic
jimoh	JziMO1	enuroot.dic
jinnee	Jz|1NE	enuroot.dic
joaquim	JzOKW|1M	enuroot.dic
jocose	JzoKO1Z	enuroot.dic
jolean	JzOjY@1N	enuroot.dic
jolie	JzOjE1	enuroot.dic
juarez	Wo1ReZ	enuroot.dic
juneteenth	JzbNTE1NX	enuroot.dic
junin	JzbN|1N	enuroot.dic
kaboom	KaBb1M	enuroot.dic
kabyle	KaB|1j	enuroot.dic
kacang	KaKa1~p	enuroot.dic
kadee	K|1DE	enuroot.dic
kafoops	KaFb1PS	enuroot.dic
kahane	Kad@1N	enuroot.dic
kahoot	Kadb1Tp	enuroot.dic
kailee	KA1LE	enuroot.dic
kajar	KAJzr1	enuroot.dic
kalam	Kaj@1M	enuroot.dic
kaleel	KajE1j	enuroot.dic
kalian	KAjY@1N	enuroot.dic
kamal	KoM@1j	enuroot.dic
kamau	KaMf1	enuroot.dic
kametz	KaM|1TS	enuroot.dic
kamil	KaM|1j	enuroot.dic
kanak	KaNa1Kp	enuroot.dic
kanam	KaN@1M	enuroot.dic
kaphar	KAFr1	enuroot.dic
kapoor	KaPc1	enuroot.dic
kapow	KaPO1	enuroot.dic
kapur	KaP31	enuroot.dic
kaput	KaP@1Tp	enuroot.dic
kaputt	KaP@1Tp	enuroot.dic
karee	K|1RE	enuroot.dic
karim	Kk|1M	enuroot.dic
kashan	Kas@1N	enuroot.dic
kashmir	KasM31	enuroot.dic
kashrut	KasR@1Tp	enuroot.dic
kashruth	KasR@1X	enuroot.dic
kawai	KoWA1	enuroot.dic
kawais	KoWA1S	enuroot.dic
kazak	KaZa1Kp	enuroot.dic
kazakh	KaZa1K	enuroot.dic
kazan	KaZ@1N	enuroot.dic
kazvin	KaZV|1N	enuroot.dic
kebob	KeB@1Bp	enuroot.dic
kefir	KeF31	enuroot.dic
kelcee	Ke1jSE	enuroot.dic
kelek	Keje1Kp	enuroot.dic
kelis	Kej|1S	enuroot.dic
kemal	KEM@1j	enuroot.dic
kerflop	K3FL@1Pp	enuroot.dic
kerman	K3M@1N	enuroot.dic
kerplunk	K3PLv1~Kp	enuroot.dic
ketene	K|1TEN	enuroot.dic
khaleel	KajE1j	enuroot.dic
khalife	KajI1F	enuroot.dic
khalij	KajE1	enuroot.dic
khamir	KaM31	enuroot.dic
kharif	Kk|1F	enuroot.dic
kharkiv	KrK|1V	enuroot.dic
khartum	KHrTv1M	enuroot.dic
khateeb	KatE1Bp	enuroot.dic
khatib	Kat|1Bp	enuroot.dic
khelif	Kej|1F	enuroot.dic
kherson	K3S@1N	enuroot.dic
khimar	KIMr1	enuroot.dic
khmer	KMEY31	enuroot.dic
kholin	Koj|1N	enuroot.dic
khudzhand	KvDSHa1NDp	enuroot.dic
khujand	KUJz@1NDp	enuroot.dic
kibbutz	KiB@1TS	enuroot.dic
kibosh	K@1Bos	enuroot.dic
kimchee	K|1MCsE	enuroot.dic
kimone	KiMO1N	enuroot.dic
kinect	KiNe1KTp	enuroot.dic
kippot	KiPo1Tp	enuroot.dic
kirghiz	K3G|1Z	enuroot.dic
kirgiz	K3Jz|1Z	enuroot.dic
kirin	K4R|1N	enuroot.dic
kirman	K3M@1N	enuroot.dic
kitab	Kit@1Bp	enuroot.dic
klippel	KLiP|1j	enuroot.dic
kochai	KoCsA1	enuroot.dic
koffee	K|1FE	enuroot.dic
kokal	KOK@1j	enuroot.dic
kolkhoz	KOKH@1Z	enuroot.dic
konduz	KoND@1Z	enuroot.dic
kontrol	KoNCsR@1j	enuroot.dic
kontroll	KoNCsRO1j	enuroot.dic
koran	KgR@1N	enuroot.dic
korat	KgRa1Tp	enuroot.dic
kowtow	KftO1	enuroot.dic
koyan	KyY@1N	enuroot.dic
kultur	KvjCs31	enuroot.dic
kumail	KUMA1j	enuroot.dic
kumar	KUMr1	enuroot.dic
kundoz	KvND@1Z	enuroot.dic
kunduz	KvND@1Z	enuroot.dic
kura	Kc@1	enuroot.dic
kuralt	KYc@1jTp	enuroot.dic
kurus	KYc@1S	enuroot.dic
kurush	KYc|1s	enuroot.dic
kuznetsk	KvZN|1TSKp	enuroot.dic
kwangju	KWa~Jzb1	enuroot.dic
kwangtung	KWa~Tv1~p	enuroot.dic
kwarteng	KWgTe1~p	enuroot.dic
kyrgyz	K3Jz|1Z	enuroot.dic
laboe	LaBO1	enuroot.dic
lacan	LaK@1N	enuroot.dic
lachine	LaCs|1N	enuroot.dic
lacoste	LaK@1STp	enuroot.dic
lacour	LaK31	enuroot.dic
lacune	LaKY@1N	enuroot.dic
ladee	L|1DE	enuroot.dic
laffite	LaFI1Tp	enuroot.dic
lafont	LaF@1NTp	enuroot.dic
lafourche	LaF31Cs	enuroot.dic
lagarde	LaGr1Dp	enuroot.dic
lagniappe	LaGNY@1Pp	enuroot.dic
lagrange	LaGR@1NJz	enuroot.dic
lahai	LadA1	enuroot.dic
lahore	Ladg1	enuroot.dic
lakeith	LaKE1X	enuroot.dic
lamarck	LaM31Kp	enuroot.dic
lambaste	LaMB@1STp	enuroot.dic
lambeau	La1MBO	enuroot.dic
lamine	LaM|1N	enuroot.dic
lamor	LAM31	enuroot.dic
lamott	LaM@1Tp	enuroot.dic
lanais	LaNA1S	enuroot.dic
lanap	LaN@1Pp	enuroot.dic
langone	La~GO1N	enuroot.dic
langouste	La~G@1STp	enuroot.dic
langsyne	La~S|1N	enuroot.dic
lapid	LaP|1Dp	enuroot.dic
lapine	LaP|1N	enuroot.dic
laplace	LaPLA1S	enuroot.dic
laquan	LaKW@1N	enuroot.dic
largess	LrJz|1S	enuroot.dic
laroi	Lky1	enuroot.dic
larouche	Lkf1Cs	enuroot.dic
lascelles	L|1SejZ	enuroot.dic
lateen	LaTE1N	enuroot.dic
latif	Lat|1F	enuroot.dic
lavange	LaV@1NJz	enuroot.dic
lebesgue	LeB|1ZGp	enuroot.dic
lechon	LeCs@1N	enuroot.dic
lecrae	LeKRA1	enuroot.dic
legit	LeJz|1Tp	enuroot.dic
leguaan	LeGWo1N	enuroot.dic
leguan	LeGW@1N	enuroot.dic
lehane	Led@1N	enuroot.dic
lejeune	LeJz@1N	enuroot.dic
lemaire	LeMk1	enuroot.dic
lemak	LeMa1Kp	enuroot.dic
lenire	LeN31	enuroot.dic
lenite	LENI1Tp	enuroot.dic
leong	LEYo1~p	enuroot.dic
lepine	LeP|1N	enuroot.dic
lepore	LePg1	enuroot.dic
leptene	Le1PTEN	enuroot.dic
leriche	Lk|1Cs	enuroot.dic
lesage	LeZ|1Jz	enuroot.dic
lessor	LeS31	enuroot.dic
lestrange	LeSTR@1NJz	enuroot.dic
levant	LeV@1NTp	enuroot.dic
lichee	L|1CsE	enuroot.dic
likud	LiK@1Dp	enuroot.dic
lilach	Lija1Kp	enuroot.dic
limeade	LiMe1Dp	enuroot.dic
linzess	LiNZ|1S	enuroot.dic
lipez	LEPe1Z	enuroot.dic
lochiel	LoCsE1j	enuroot.dic
longueuil	Lo~GWE1l	enuroot.dic
longueur	Lo~GW31	enuroot.dic
lordsake	LgDSA1Kp	enuroot.dic
lorgnon	LgGN@1N	enuroot.dic
lorrain	LgR@1N	enuroot.dic
lougee	Lf1JzE	enuroot.dic
lowborn	LOBg1N	enuroot.dic
luai	LbA1	enuroot.dic
luay	LbA1	enuroot.dic
lucile	LbS@1j	enuroot.dic
lugansk	LbG@1NSKp	enuroot.dic
luhansk	Lbd@1NSKp	enuroot.dic
luon	Lb@1N	enuroot.dic
luzern	LbZ31N	enuroot.dic
luzon	LbZ@1N	enuroot.dic
lychee	L|1CsE	enuroot.dic
lyonne	LIY@1N	enuroot.dic
mabrouk	MaBRf1Kp	enuroot.dic
macaw	MaKw1	enuroot.dic
macbook	M|1KBuKp	enuroot.dic
macbooks	M|1KBuKS	enuroot.dic
machan	MaCs@1N	enuroot.dic
macheath	MaCsE1X	enuroot.dic
maciek	M|1KEKp	enuroot.dic
macule	M|1KYbj	enuroot.dic
maculed	M|1KYbjDp	enuroot.dic
macules	M|1KYbjZ	enuroot.dic
macworld	Ma1KW3jDp	enuroot.dic
magoo	MaGb1	enuroot.dic
magoosh	MaGb1s	enuroot.dic
magot	MaG@1Tp	enuroot.dic
maguey	MAGE1	enuroot.dic
mahant	Mad@1NTp	enuroot.dic
mahar	MAdr1	enuroot.dic
mahir	Mad31	enuroot.dic
mahjong	MoJzo1~p	enuroot.dic
mahomes	MadO1MZ	enuroot.dic
mahone	MadO1N	enuroot.dic
mahout	Madf1Tp	enuroot.dic
maigret	MAGR|1Tp	enuroot.dic
maillot	MAj@1Tp	enuroot.dic
majeure	MaJz31	enuroot.dic
majlis	MIj|1S	enuroot.dic
makai	MaKA1	enuroot.dic
makkai	MaKA1	enuroot.dic
maksad	MaKS@1Dp	enuroot.dic
malai	MajA1	enuroot.dic
malchus	Ma1jCsvS	enuroot.dic
maldive	Ma1jDIV	enuroot.dic
mallung	Ma1Lv~p	enuroot.dic
malmsey	Ma1jMSA	enuroot.dic
malpeque	Ma1jPAKp	enuroot.dic
maltase	Ma1jTAS	enuroot.dic
maltose	Ma1jTOZ	enuroot.dic
mamey	MAME1	enuroot.dic
manat	MaNa1Tp	enuroot.dic
manaus	MaNw1S	enuroot.dic
mandeep	MaNDE1Pp	enuroot.dic
mandore	MaNDg1	enuroot.dic
manhatt	MaNd@1Tp	enuroot.dic
manoush	MaNf1s	enuroot.dic
mansour	MaNS31	enuroot.dic
maquis	MaKW|1S	enuroot.dic
marchand	MrCs@1NDp	enuroot.dic
marin	M|1RiN	enuroot.dic
marmoush	MrMf1s	enuroot.dic
marotte	Mk@1Tp	enuroot.dic
marquise	MrKW|1Z	enuroot.dic
martijn	MrTE1N	enuroot.dic
maryut	MrY@1Tp	enuroot.dic
maschine	Mas|1N	enuroot.dic
mashhad	MasH@1Dp	enuroot.dic
mashpee	Ma1sPE	enuroot.dic
masoud	MaZf1Dp	enuroot.dic
masqat	MaSKa1Tp	enuroot.dic
massif	MaS|1F	enuroot.dic
massine	MaS|1N	enuroot.dic
massoud	MaSf1Dp	enuroot.dic
masstige	MaST|1Jz	enuroot.dic
masut	MaZ@1Tp	enuroot.dic
matej	MaTA1	enuroot.dic
mathilde	MaXI1jDp	enuroot.dic
maxime	MaKS|1M	enuroot.dic
mazoom	MaZb1M	enuroot.dic
mazout	MaZf1Tp	enuroot.dic
mazut	MaZ@1Tp	enuroot.dic
medjool	MeJzb1j	enuroot.dic
megane	MeG@1N	enuroot.dic
meghann	M|1GaN	enuroot.dic
megilp	MeJz|1jPp	enuroot.dic
mehran	Mk@1N	enuroot.dic
mejid	MeJz|1Dp	enuroot.dic
mejlis	MAj|1S	enuroot.dic
mekong	MeKo1~p	enuroot.dic
melange	Mej@1NJz	enuroot.dic
memoon	M|1MbN	enuroot.dic
menage	MeN|1Jz	enuroot.dic
menards	MeN31DZ	enuroot.dic
menthene	Me1NXEN	enuroot.dic
menzel	MeNZ|1j	enuroot.dic
meowth	MEYO1X	enuroot.dic
meron	Mk@1N	enuroot.dic
mescal	MeSK@1j	enuroot.dic
mesdames	MeZD@1MZ	enuroot.dic
meseemed	MeZE1MDp	enuroot.dic
meseems	MeZE1MZ	enuroot.dic
messieurs	Mes31Z	enuroot.dic
messud	MeS@1Dp	enuroot.dic
methene	M|1XEN	enuroot.dic
methought	MeX@1Tp	enuroot.dic
metif	Met|1F	enuroot.dic
metis	Met|1S	enuroot.dic
mezcal	MeSK@1j	enuroot.dic
miaul	MIYw1j	enuroot.dic
michels	M|1sejZ	enuroot.dic
michiel	MiCsE1j	enuroot.dic
mikan	MiK@1N	enuroot.dic
mikel	MiK@1j	enuroot.dic
mikhail	MiKHA1j	enuroot.dic
milieus	MijY@1S	enuroot.dic
millay	MijA1	enuroot.dic
millon	Mij@1N	enuroot.dic
milord	Mij31Dp	enuroot.dic
milosch	Mij|1s	enuroot.dic
minaj	MiNI1	enuroot.dic
minhaj	MiNdI1	enuroot.dic
minogue	MiNO1Gp	enuroot.dic
mintech	MiNTe1Kp	enuroot.dic
miraj	M4RI1	enuroot.dic
mischa	M|1SCso	enuroot.dic
mishev	Mise1F	enuroot.dic
mishim	Mi1SHiM	enuroot.dic
missense	M|1SeNS	enuroot.dic
missis	M|1SiS	enuroot.dic
misskey	M|1SGA	enuroot.dic
missout	M|1SfTp	enuroot.dic
missus	M|1SvS	enuroot.dic
mistblind	M|1STBLINDp	enuroot.dic
mistral	M|1SCsRaj	enuroot.dic
mistri	M|1SCsRI	enuroot.dic
mistworld	M|1STWgjDp	enuroot.dic
mistwraith	M|1STWRAX	enuroot.dic
mitraille	MiCsRA1j	enuroot.dic
mixtec	MiKSTe1Kp	enuroot.dic
modemed	M|1DEMDp	enuroot.dic
moderne	Mot31N	enuroot.dic
modiste	Mot|1STp	enuroot.dic
mojeek	MoJzE1Kp	enuroot.dic
monae	MoNA1	enuroot.dic
moncur	Mo~K31	enuroot.dic
moniz	MoN|1Z	enuroot.dic
monkees	Mo1~KEZ	enuroot.dic
montage	MoNT|1Jz	enuroot.dic
montblanc	Mo1NTBLa~Kp	enuroot.dic
montcalm	Mo1NTKajM	enuroot.dic
monáe	MoNA1	enuroot.dic
mornay	MgNA1	enuroot.dic
moshav	Mos@1V	enuroot.dic
moskva	MoSKV@1	enuroot.dic
mossad	MoS@1Dp	enuroot.dic
motet	Mot|1Tp	enuroot.dic
motife	Mot|1F	enuroot.dic
mouchard	MfCs31Dp	enuroot.dic
moulage	Mfj|1Jz	enuroot.dic
moulin	Mfj|1N	enuroot.dic
mountee	Mf1NTE	enuroot.dic
mudra	MUJzR@1	enuroot.dic
muhoi	MUdy1	enuroot.dic
mukesh	MUK|1s	enuroot.dic
mulan	MUj@1N	enuroot.dic
mulhouse	Mvjdf1S	enuroot.dic
multan	MvjT@1N	enuroot.dic
munsee	Mv1NSE	enuroot.dic
murad	MYc@1Dp	enuroot.dic
murmansk	M3M@1NSKp	enuroot.dic
mylee	M|1LE	enuroot.dic
mysore	MiZg1	enuroot.dic
mytheme	M|1XEM	enuroot.dic
nabil	NaB|1j	enuroot.dic
nadim	Nat|1M	enuroot.dic
nafij	NaFE1	enuroot.dic
nafis	NoF|1S	enuroot.dic
nafud	NaF@1Dp	enuroot.dic
nahid	Nad|1Dp	enuroot.dic
najee	N|1JzE	enuroot.dic
namaz	NaM@1Z	enuroot.dic
naphthene	Na1FXEN	enuroot.dic
narak	Nra1Kp	enuroot.dic
naseem	NaZE1M	enuroot.dic
nasim	NaZ|1M	enuroot.dic
nasute	Nazb1Tp	enuroot.dic
natisse	Nat|1S	enuroot.dic
nattiv	Nat|1V	enuroot.dic
naufrage	NwFR|1Jz	enuroot.dic
nauruz	NgR@1Z	enuroot.dic
navai	NaVA1	enuroot.dic
navan	NaV@1N	enuroot.dic
navee	N|1VE	enuroot.dic
naveen	NaVE1N	enuroot.dic
nawab	NoWo1Bp	enuroot.dic
nayib	NAY|1Bp	enuroot.dic
necrose	NeKRO1Z	enuroot.dic
neeraj	N4RI1	enuroot.dic
nefast	NeF@1STp	enuroot.dic
nefud	NeF@1Dp	enuroot.dic
negin	NeJz|1N	enuroot.dic
neguse	NeGY@1Z	enuroot.dic
nervive	N3V|1V	enuroot.dic
newfon	NbF@1N	enuroot.dic
newroz	Nc@1Z	enuroot.dic
nicene	N|1SEN	enuroot.dic
nichole	NiCsO1j	enuroot.dic
nihon	Nid@1N	enuroot.dic
nikole	NiKO1j	enuroot.dic
nimay	NiMA1	enuroot.dic
nippon	N|1PoN	enuroot.dic
nisei	NiZE1	enuroot.dic
nishanth	Nis@1NX	enuroot.dic
nitrene	N|1CsREN	enuroot.dic
nizar	NIZr1	enuroot.dic
noblesse	NoBL|1S	enuroot.dic
nonage	No1NAJz	enuroot.dic
noname	No1NAM	enuroot.dic
nonane	No1NAN	enuroot.dic
nonanes	No1NANZ	enuroot.dic
nonbook	No1NBuKp	enuroot.dic
nonbooks	No1NBuKS	enuroot.dic
noncall	No1NKwj	enuroot.dic
noncom	No1NKoM	enuroot.dic
noncoms	No1NKoMZ	enuroot.dic
nonet	NoN|1Tp	enuroot.dic
nonets	NoN|1TS	enuroot.dic
nonose	No1NOZ	enuroot.dic
nonstick	No1NSDiKp	enuroot.dic
notaire	NoTk1	enuroot.dic
noumair	NfMk1	enuroot.dic
nounself	Nf1NSejF	enuroot.dic
nuar	Nb31	enuroot.dic
nurith	Nc|1X	enuroot.dic
nymphet	NiMF|1Tp	enuroot.dic
nynorsk	NiN31SKp	enuroot.dic
objet	@1BJzeTp	enuroot.dic
objnav	@1BJzNaV	enuroot.dic
obsbot	@1BSBoTp	enuroot.dic
obtest	oBT|1STp	enuroot.dic
ochone	oCsO1N	enuroot.dic
octet	oKT|1Tp	enuroot.dic
ofclass	oFKL@1S	enuroot.dic
offscreen	oFSKRE1N	enuroot.dic
offshore	oFsg1	enuroot.dic
offshored	oFs31Dp	enuroot.dic
offstage	wFSTA1Jz	enuroot.dic
ogee	@1JzE	enuroot.dic
okee	@1KE	enuroot.dic
okhotsk	oKH@1TSKp	enuroot.dic
olay	ojA1	enuroot.dic
oman	oM@1N	enuroot.dic
onclick	o~KLi1Kp	enuroot.dic
oneil	oNE1j	enuroot.dic
onfield	oNFE1jDp	enuroot.dic
onshore	oNsg1	enuroot.dic
onstream	oNSTRE1M	enuroot.dic
oppugn	oPY@1N	enuroot.dic
orang	gRa1~p	enuroot.dic
orau	gRw1	enuroot.dic
oree	@1RE	enuroot.dic
ormuz	gM@1Z	enuroot.dic
ossene	@1SEN	enuroot.dic
ossete	@1SETp	enuroot.dic
ostend	oST|1NDp	enuroot.dic
oushak	bsa1Kp	enuroot.dic
outre	ft31	enuroot.dic
ouverte	fV31Tp	enuroot.dic
pacay	PaKA1	enuroot.dic
pagee	P|1JzE	enuroot.dic
paillard	PAj31Dp	enuroot.dic
paisan	PAZ@1N	enuroot.dic
palau	Pajf1	enuroot.dic
palmach	PajMo1Kp	enuroot.dic
palouse	Paj@1Z	enuroot.dic
pamir	PaM31	enuroot.dic
pangene	Pa1NJzEN	enuroot.dic
panir	PaN31	enuroot.dic
pannose	PaNO1Z	enuroot.dic
pantoum	PaNTf1M	enuroot.dic
papoose	PaPb1Z	enuroot.dic
parag	Pka1Gp	enuroot.dic
param	Pk@1M	enuroot.dic
parfait	PrFA1Tp	enuroot.dic
parfum	PrF@1M	enuroot.dic
parkor	PrK31	enuroot.dic
partook	PrTu1Kp	enuroot.dic
parure	Pk31	enuroot.dic
pashtun	PasT@1N	enuroot.dic
pastille	PaST@1j	enuroot.dic
pastis	PaST|1S	enuroot.dic
patache	PatA1Kp	enuroot.dic
patau	Patf1	enuroot.dic
patek	PaTe1Kp	enuroot.dic
pathaan	PaXo1N	enuroot.dic
pathan	PAX@1N	enuroot.dic
patine	PaTE1N	enuroot.dic
pauline	Pw1jEN	enuroot.dic
pavane	PaV@1N	enuroot.dic
paycheque	PA1CsAKp	enuroot.dic
payman	PAM@1N	enuroot.dic
pazazz	PaZ@1Z	enuroot.dic
peewee	PE1WE	enuroot.dic
peiping	PEP|1~p	enuroot.dic
penang	PeNa1~p	enuroot.dic
pentene	Pe1NTEN	enuroot.dic
perlroth	P31LRoX	enuroot.dic
peruke	Pkb1Kp	enuroot.dic
petard	Pet31Dp	enuroot.dic
petit	PetE1	enuroot.dic
petrovsk	PeCsR@1VSKp	enuroot.dic
petune	PeCs@1N	enuroot.dic
peugnet	PUGN|1Tp	enuroot.dic
pewee	PYb1E	enuroot.dic
phememe	F|1MEM	enuroot.dic
phenom	FeN@1M	enuroot.dic
phosgene	Fo1ZJzEN	enuroot.dic
phosphene	Fo1SFEN	enuroot.dic
photog	FOTo1Gp	enuroot.dic
piai	PIYA1	enuroot.dic
piccard	PiK31Dp	enuroot.dic
picene	P|1SEN	enuroot.dic
pichai	PiCsA1	enuroot.dic
picquet	PiKW|1Tp	enuroot.dic
piguet	PiG|1Tp	enuroot.dic
pilaf	Pij@1F	enuroot.dic
pilaff	Pij@1F	enuroot.dic
pilau	Pijf1	enuroot.dic
pilaw	Pijw1	enuroot.dic
pinang	PiNa1~p	enuroot.dic
pinar	PINr1	enuroot.dic
pinene	P|1NEN	enuroot.dic
pingree	P|1~GRE	enuroot.dic
pinole	PiNO1j	enuroot.dic
pinoy	PiNy1	enuroot.dic
piotr	PIY@1CsR	enuroot.dic
pirquet	P3KW|1Tp	enuroot.dic
pishoge	PisO1Jz	enuroot.dic
pishogue	PisO1Gp	enuroot.dic
pituch	PiTv1Kp	enuroot.dic
piyut	PiY@1Tp	enuroot.dic
pizazz	PiZ@1Z	enuroot.dic
pizzaz	PiZ@1Z	enuroot.dic
plafond	PLaF@1NDp	enuroot.dic
plainclothes	PLA~KLv1xZ	enuroot.dic
planksheer	PLa1~Ks4	enuroot.dic
plansheer	PLa1Ns4	enuroot.dic
plongeur	PLoNJz31	enuroot.dic
plumach	PLbMo1Kp	enuroot.dic
podolsk	POt@1jSKp	enuroot.dic
pohang	Poda1~p	enuroot.dic
poilu	Pyjb1	enuroot.dic
poisson	PyS@1N	enuroot.dic
pokee	P|1KE	enuroot.dic
polloi	Pojy1	enuroot.dic
popeil	PoPE1j	enuroot.dic
porrect	PgRe1KTp	enuroot.dic
poseur	Poz31	enuroot.dic
postboy	PO1STBy	enuroot.dic
postboys	PO1STByZ	enuroot.dic
postdict	PO1STDiKTp	enuroot.dic
postdicts	PO1STDiKTS	enuroot.dic
postdoc	PO1STDoKp	enuroot.dic
postdocs	PO1STDoKS	enuroot.dic
postface	PO1STFAS	enuroot.dic
postfix	PO1STFiKS	enuroot.dic
postfixed	PO1STFiKSTp	enuroot.dic
postgre	PO1STGRe	enuroot.dic
posthole	PO1STHOj	enuroot.dic
postiche	PoST|1Cs	enuroot.dic
postlike	PO1STLIKp	enuroot.dic
postlude	PO1STLbDp	enuroot.dic
postnup	PO1STNvPp	enuroot.dic
postnups	PO1STNvPS	enuroot.dic
postreme	PO1STREM	enuroot.dic
postremes	PO1STREMZ	enuroot.dic
posttests	PO1SDeSTS	enuroot.dic
postward	PO1STWgDp	enuroot.dic
potage	Pot|1Jz	enuroot.dic
poteen	PoTE1N	enuroot.dic
potheen	PoXE1N	enuroot.dic
potiche	Pot|1Cs	enuroot.dic
poudrage	PfJzR|1Jz	enuroot.dic
poudreuse	PfJzR@1Z	enuroot.dic
poulaine	Pfj@1N	enuroot.dic
poulard	Pfj31Dp	enuroot.dic
poularde	Pfj31Dp	enuroot.dic
poulenc	Pfje1~Kp	enuroot.dic
poupart	PfP31Tp	enuroot.dic
poussin	PfS|1N	enuroot.dic
poutine	PfTE1N	enuroot.dic
pradeep	PRatE1Pp	enuroot.dic
pradesh	PRat|1s	enuroot.dic
prakash	PRaK|1s	enuroot.dic
pranam	PRaN@1M	enuroot.dic
prasad	PRaZ@1Dp	enuroot.dic
prashant	PRas@1NTp	enuroot.dic
pratik	PRaTi1Kp	enuroot.dic
preamp	PRE1YaMPp	enuroot.dic
prebend	PR|1BeNDp	enuroot.dic
prebends	PR|1BeNDZ	enuroot.dic
prebuilt	PR|1BijTp	enuroot.dic
precant	PR|1KaNTp	enuroot.dic
precants	PR|1KaNTS	enuroot.dic
precis	PR|1SiS	enuroot.dic
precox	PR|1KoKS	enuroot.dic
pregame	PR|1GAM	enuroot.dic
pregamed	PR|1GAMDp	enuroot.dic
pregames	PR|1GAMZ	enuroot.dic
pregel	PR|1Jzej	enuroot.dic
pregnene	PR|1NEN	enuroot.dic
prelan	PR|1LaN	enuroot.dic
prelans	PR|1LaNZ	enuroot.dic
premie	PR|1MI	enuroot.dic
prename	PR|1NAM	enuroot.dic
prenames	PR|1NAMZ	enuroot.dic
prenex	PR|1NeKS	enuroot.dic
prenol	PR|1Noj	enuroot.dic
prenup	PR|1NvPp	enuroot.dic
prenups	PR|1NvPS	enuroot.dic
prepuce	PR|1PUS	enuroot.dic
prequel	PR|1KWej	enuroot.dic
prequels	PR|1KWejZ	enuroot.dic
presage	PR|1ZAJz	enuroot.dic
presaged	PR|1ZAJzDp	enuroot.dic
presale	PR|1ZAj	enuroot.dic
presales	PR|1ZAjZ	enuroot.dic
prescod	PR|1SGoDp	enuroot.dic
prescript	PR|1SKRiPTp	enuroot.dic
preskitt	PR|1SGiTp	enuroot.dic
prestant	PR|1SDaNTp	enuroot.dic
prestants	PR|1SDaNTS	enuroot.dic
prestate	PR|1SDATp	enuroot.dic
prestates	PR|1SDATS	enuroot.dic
preverb	PR|1V3Bp	enuroot.dic
preverbs	PR|1V3BZ	enuroot.dic
previte	PR|1VITp	enuroot.dic
prevost	PR|1VoSTp	enuroot.dic
prevue	PR|1VU	enuroot.dic
prisere	PR|1Z4	enuroot.dic
probang	PR@1Ba~p	enuroot.dic
problemed	PR@1BLEMDp	enuroot.dic
procarp	PR@1KrPp	enuroot.dic
prochous	PR@1CsfS	enuroot.dic
procline	PR@1KLIN	enuroot.dic
proclus	PR@1KLvS	enuroot.dic
procore	PR@1Kg	enuroot.dic
procrit	PR@1KRiTp	enuroot.dic
prodrome	PR@1JzROM	enuroot.dic
prodrug	PR@1JzRvGp	enuroot.dic
produit	PR@1DbTp	enuroot.dic
profert	PR@1F3Tp	enuroot.dic
proffee	PR|1FE	enuroot.dic
prograde	PR@1GRADp	enuroot.dic
programed	PR@1GRaMDp	enuroot.dic
projekt	PR@1JzeKTp	enuroot.dic
prokop	PR@1KoPp	enuroot.dic
prolan	PR@1LaN	enuroot.dic
prolapse	PR@1LaPS	enuroot.dic
proleg	PR|1LeGp	enuroot.dic
proline	PR@1LIN	enuroot.dic
prolix	PR|1LiKS	enuroot.dic
prolog	PR@1LoGp	enuroot.dic
prolyl	PR|1Lij	enuroot.dic
promorph	PR@1MgF	enuroot.dic
pronase	PR|1NAS	enuroot.dic
pronoid	PR@1NyDp	enuroot.dic
propene	PR|1PEN	enuroot.dic
prophage	PR|1FAJz	enuroot.dic
prophase	PR|1FAZ	enuroot.dic
proplex	PR@1PLeKS	enuroot.dic
propod	PR@1PoDp	enuroot.dic
propre	PR@1PRE	enuroot.dic
propyl	PR|1Pij	enuroot.dic
propyne	PR@1PIN	enuroot.dic
prorate	PRgRA1Tp	enuroot.dic
proscript	PR@1SKRiPTp	enuroot.dic
prosign	PR@1SIN	enuroot.dic
prosit	PR|1SiTp	enuroot.dic
protest	PR|1TeSTp	enuroot.dic
protext	PR|1TeKSTp	enuroot.dic
protone	PR@1TON	enuroot.dic
protones	PR@1TONZ	enuroot.dic
protools	PR@1TbjZ	enuroot.dic
protyle	PR@1TIj	enuroot.dic
provant	PR@1VaNTp	enuroot.dic
provenge	PR|1VeNJz	enuroot.dic
prozac	PR@1ZaKp	enuroot.dic
prozone	PR@1ZON	enuroot.dic
prvke	P3VK@1	enuroot.dic
pudong	PUto1~p	enuroot.dic
pulau	Pvjf1	enuroot.dic
purloin	P3jy1N	enuroot.dic
pushtun	PusT@1N	enuroot.dic
pyet	PIY|1Tp	enuroot.dic
pyrene	P|1REN	enuroot.dic
qajar	KAJzr1	enuroot.dic
qazvin	KaZV|1N	enuroot.dic
qigong	KiGo1~p	enuroot.dic
quadrilled	KWoJzR|1jDp	enuroot.dic
quatorze	KWot31Z	enuroot.dic
quetelet	KWetl|1Tp	enuroot.dic
quetzal	KWeTS@1j	enuroot.dic
quichotte	KWiCs@1Tp	enuroot.dic
quiesce	KWEY|1S	enuroot.dic
quindene	KW|1NDEN	enuroot.dic
quinone	KWiNO1N	enuroot.dic
rabat	RaBa1Tp	enuroot.dic
raekwon	RAKW@1N	enuroot.dic
rafiq	RaFi1Kp	enuroot.dic
ragu	RaGYb1	enuroot.dic
ragus	RAG@1S	enuroot.dic
raheem	RadE1M	enuroot.dic
rahman	RoM@1N	enuroot.dic
rakim	RaK|1M	enuroot.dic
ramin	RaM|1N	enuroot.dic
ramone	RaMO1N	enuroot.dic
ranee	R|1NE	enuroot.dic
raoult	RAYf1jTp	enuroot.dic
rappel	RaP|1j	enuroot.dic
rappelled	RaP@1jDp	enuroot.dic
raree	R|1RE	enuroot.dic
raschid	Ras|1Dp	enuroot.dic
rashad	Ras@1Dp	enuroot.dic
rashid	Ras|1Dp	enuroot.dic
rasul	RaZ|1j	enuroot.dic
ratiep	RatE1Pp	enuroot.dic
raynaud	RANw1Dp	enuroot.dic
raynaud's	RANw1DZ	enuroot.dic
realme	RE1YajM	enuroot.dic
rebanks	R|1Ba~KS	enuroot.dic
rebec	R|1BeKp	enuroot.dic
rebeck	R|1BeKp	enuroot.dic
recep	R|1SePp	enuroot.dic
recept	R|1SePTp	enuroot.dic
recon	R|1KoN	enuroot.dic
reconned	R|1KoNDp	enuroot.dic
recons	R|1KoNZ	enuroot.dic
recreance	R|1KRENS	enuroot.dic
recreant	R|1KRENTp	enuroot.dic
recreants	R|1KRENTS	enuroot.dic
redleg	R|1DLeGp	enuroot.dic
redlit	R|1DLiTp	enuroot.dic
redout	R|1DfTp	enuroot.dic
redox	R|1DoKS	enuroot.dic
refel	ReF@1j	enuroot.dic
refels	ReF@1jZ	enuroot.dic
reflates	ReFLA1TS	enuroot.dic
regex	R|1JzeKS	enuroot.dic
regexp	R|1JzeKSPp	enuroot.dic
regexps	R|1JzeKSPS	enuroot.dic
reglet	R|1GLeTp	enuroot.dic
regule	R|1GUj	enuroot.dic
rehab	R|1daBp	enuroot.dic
rehabbed	R|1daBDp	enuroot.dic
rehabs	R|1daBZ	enuroot.dic
relict	R|1LiKTp	enuroot.dic
relicts	R|1LiKTS	enuroot.dic
relique	R|1LEKp	enuroot.dic
relis	R|1LiS	enuroot.dic
remex	R|1MeKS	enuroot.dic
remus	R|1MvS	enuroot.dic
rendang	ReNDa1~p	enuroot.dic
renese	R|1NEZ	enuroot.dic
renin	R|1NiN	enuroot.dic
renverse	ReNV31S	enuroot.dic
renvoi	ReNVy1	enuroot.dic
replit	R|1PLiTp	enuroot.dic
repro	R|1PRO	enuroot.dic
repros	R|1PROZ	enuroot.dic
rescripts	R|1SKRiPTS	enuroot.dic
reshi	R|1sI	enuroot.dic
resined	R|1ZINDp	enuroot.dic
resines	R|1ZINZ	enuroot.dic
resnic	R|1SNiKp	enuroot.dic
resto	R|1SDO	enuroot.dic
restos	R|1SDOZ	enuroot.dic
resus	R|1ZvS	enuroot.dic
retene	R|1TEN	enuroot.dic
rethondes	ReX@1NDZ	enuroot.dic
retin	R|1TiN	enuroot.dic
retral	R|1CsRaj	enuroot.dic
retroid	R|1CsRyDp	enuroot.dic
retrorse	R|1CsRgS	enuroot.dic
reverb	R|1V3Bp	enuroot.dic
revest	REV|1STp	enuroot.dic
revit	R|1ViTp	enuroot.dic
rexine	R|1KSIN	enuroot.dic
rexist	R|1KSiSTp	enuroot.dic
rexists	R|1KSiSTS	enuroot.dic
rimaye	RiMA1	enuroot.dic
rimbomb	RiMB@1M	enuroot.dic
rimoin	RiMy1N	enuroot.dic
riposte	RiP@1STp	enuroot.dic
ritard	Rit31Dp	enuroot.dic
riyad	RiY@1Dp	enuroot.dic
riza	REZ@1	enuroot.dic
rizal	RIZ|1j	enuroot.dic
rocaille	RoKA1j	enuroot.dic
roget	RoJz|1Tp	enuroot.dic
rognon	RoGN@1N	enuroot.dic
romaine	RoM@1N	enuroot.dic
romansch	RoM@1Ns	enuroot.dic
romansh	RoM@1Ns	enuroot.dic
romaunt	RoMw1NTp	enuroot.dic
romesh	RoM|1s	enuroot.dic
rondeau	Ro1NDO	enuroot.dic
rondeaux	Ro1NDO	enuroot.dic
rongeur	RoNJz31	enuroot.dic
roshone	RosO1N	enuroot.dic
rostand	RoSTa1NDp	enuroot.dic
roubaix	RfBA1KS	enuroot.dic
rouget	RfJz|1Tp	enuroot.dic
ruiz	Rb|1Z	enuroot.dic
rumaan	RbMo1N	enuroot.dic
ruschel	Rvs@1j	enuroot.dic
ryann	RI1YaN	enuroot.dic
rylee	R|1LE	enuroot.dic
saadiq	Soti1Kp	enuroot.dic
sabine	SaB|1N	enuroot.dic
sabot	SaB@1Tp	enuroot.dic
sabrage	SaBR|1Jz	enuroot.dic
sacheen	SaCsE1N	enuroot.dic
sadat	Sata1Tp	enuroot.dic
sadik	Sati1Kp	enuroot.dic
safar	SAFr1	enuroot.dic
safrene	Sa1FREN	enuroot.dic
sahar	SAdr1	enuroot.dic
saigon	SI1GoN	enuroot.dic
salam	Saj@1M	enuroot.dic
salat	Saja1Tp	enuroot.dic
saleem	SajE1M	enuroot.dic
salesforce	SA1jSFgS	enuroot.dic
sallam	Saj@1M	enuroot.dic
salleh	Saje1	enuroot.dic
samiel	SaME1j	enuroot.dic
samin	SaM|1N	enuroot.dic
samsun	SaMS@1N	enuroot.dic
sana	SaN@1	enuroot.dic
sanaa	SaNo1	enuroot.dic
sanae	SaNA1	enuroot.dic
sanaz	SaN@1Z	enuroot.dic
sancerre	SaNS31	enuroot.dic
sandeep	SaNDE1Pp	enuroot.dic
sangeet	SaNJzE1Tp	enuroot.dic
sangfroid	Sa~FRy1Dp	enuroot.dic
saphar	SAFr1	enuroot.dic
sapir	SaP31	enuroot.dic
saraf	Sk@1F	enuroot.dic
saran	Sk@1N	enuroot.dic
saree	S|1RE	enuroot.dic
sarod	Sk@1Dp	enuroot.dic
sarode	SkO1Dp	enuroot.dic
sarong	Sko1~p	enuroot.dic
sashay	SasA1	enuroot.dic
sati	SotE1	enuroot.dic
satis	Sot|1S	enuroot.dic
saudade	Sw1DADp	enuroot.dic
saussure	Sws31	enuroot.dic
sauterne	Swt31N	enuroot.dic
sauternes	Swt31NZ	enuroot.dic
savant	SaV@1NTp	enuroot.dic
savate	SAVA1Tp	enuroot.dic
sawatch	SoWo1Cs	enuroot.dic
scalene	SK|1jEN	enuroot.dic
scalise	SGaj|1Z	enuroot.dic
scandale	SGaNDA1j	enuroot.dic
schalit	saj|1Tp	enuroot.dic
schlemiel	sLeME1j	enuroot.dic
schliere	sLI1Yk	enuroot.dic
schuette	sb1eTp	enuroot.dic
sclerose	SKLkO1Z	enuroot.dic
scorpene	SKg1PEN	enuroot.dic
sderot	SDk@1Tp	enuroot.dic
sebag	SeBa1Gp	enuroot.dic
secern	SeS31N	enuroot.dic
secluse	SeKL@1Z	enuroot.dic
seduct	Setv1KTp	enuroot.dic
seftel	SeFT@1j	enuroot.dic
seguin	SeG|1N	enuroot.dic
seleste	Sej|1STp	enuroot.dic
sendai	SeNDA1	enuroot.dic
senhor	SeN31	enuroot.dic
senhores	SeNdg1Z	enuroot.dic
septet	SePT|1Tp	enuroot.dic
serac	Ska1Kp	enuroot.dic
serail	SkA1j	enuroot.dic
serang	Ska1~p	enuroot.dic
sereh	Ske1	enuroot.dic
sestet	SeST|1Tp	enuroot.dic
setar	SeTr1	enuroot.dic
sevan	SeV@1N	enuroot.dic
sextet	SeKST|1Tp	enuroot.dic
seydoux	SAtf1KS	enuroot.dic
seyhan	SAda1N	enuroot.dic
shabbat	saBa1Tp	enuroot.dic
shadoof	satb1F	enuroot.dic
shafak	saFa1Kp	enuroot.dic
shafrir	saFR31	enuroot.dic
shagreen	saGRE1N	enuroot.dic
shahad	sad@1Dp	enuroot.dic
shahan	sAda1N	enuroot.dic
shahar	sAdr1	enuroot.dic
shahbaz	soB@1Z	enuroot.dic
shahid	sad|1Dp	enuroot.dic
shahtoosh	soTb1s	enuroot.dic
shahzad	soZ@1Dp	enuroot.dic
shakoor	saKc1	enuroot.dic
shakur	saK31	enuroot.dic
shalhoub	sajdf1Bp	enuroot.dic
shallan	saj@1N	enuroot.dic
shamal	sAM@1j	enuroot.dic
shamar	sAMr1	enuroot.dic
shameik	saME1Kp	enuroot.dic
shamir	saM31	enuroot.dic
shamook	saMu1Kp	enuroot.dic
shandong	saNDo1~p	enuroot.dic
shaneil	saNE1j	enuroot.dic
shanghais	sa~GA1S	enuroot.dic
shaquille	saKW@1j	enuroot.dic
sharee	s|1RE	enuroot.dic
sharif	sk|1F	enuroot.dic
shashlick	sasLi1Kp	enuroot.dic
shashlik	sasLi1Kp	enuroot.dic
shavon	saV@1N	enuroot.dic
shazad	saZ@1Dp	enuroot.dic
shazam	saZ@1M	enuroot.dic
shebat	seBa1Tp	enuroot.dic
shebeen	seBE1N	enuroot.dic
shehan	sEda1N	enuroot.dic
shehbaz	seB@1Z	enuroot.dic
shehroze	skO1Z	enuroot.dic
shellac	seja1Kp	enuroot.dic
shellack	seja1Kp	enuroot.dic
shema	seM@1	enuroot.dic
sheni	sANE1	enuroot.dic
sherif	sk|1F	enuroot.dic
sheroot	sERb1Tp	enuroot.dic
shevat	seVa1Tp	enuroot.dic
sheyenne	sAY|1N	enuroot.dic
shigram	siGRa1M	enuroot.dic
shikar	sIKr1	enuroot.dic
shimal	sIM@1j	enuroot.dic
shiraz	s4R@1Z	enuroot.dic
shivon	siV@1N	enuroot.dic
shlemiel	sLeME1j	enuroot.dic
shochet	soCs|1Tp	enuroot.dic
shofroth	soFRo1X	enuroot.dic
shontel	soNT@1j	enuroot.dic
shopee	s|1PE	enuroot.dic
siddiq	Siti1Kp	enuroot.dic
sidik	Siti1Kp	enuroot.dic
sigar	SIGr1	enuroot.dic
silwan	SijWo1N	enuroot.dic
simar	SIMr1	enuroot.dic
simard	SiM31Dp	enuroot.dic
simoom	SiMb1M	enuroot.dic
simorg	SiM31Gp	enuroot.dic
simorgh	SiM31Gp	enuroot.dic
simurg	SiM31Gp	enuroot.dic
simurgh	SiM31Gp	enuroot.dic
sinead	SiNe1Dp	enuroot.dic
sinise	SiN|1Z	enuroot.dic
sirhan	S3d@1N	enuroot.dic
sitar	SITr1	enuroot.dic
skripal	SKRIP|1j	enuroot.dic
skydance	SGI1DaNS	enuroot.dic
skynryd	SGI1NRiDp	enuroot.dic
skynyrd	SGI1N3Dp	enuroot.dic
slovyansk	SLoVY@1NSKp	enuroot.dic
slurpee	SL31PE	enuroot.dic
slushee	SL|1sE	enuroot.dic
smaragd	SMka1GDp	enuroot.dic
smolensk	SMoj|1NSKp	enuroot.dic
smollett	SMoj|1Tp	enuroot.dic
smoothbore	SMbXBg1	enuroot.dic
snafued	SNaFYb1Dp	enuroot.dic
snafus	SNAF@1S	enuroot.dic
sofkee	So1FKE	enuroot.dic
somnee	So1MNE	enuroot.dic
sorbet	SgB|1Tp	enuroot.dic
souad	Sb@1Dp	enuroot.dic
soubise	SfB|1Z	enuroot.dic
soupcon	SfPK@1N	enuroot.dic
sourdine	SgtE1N	enuroot.dic
soutache	SftA1Kp	enuroot.dic
southee	Sf1XE	enuroot.dic
sovath	SoV@1X	enuroot.dic
sovkhoz	SoVKH@1Z	enuroot.dic
spelunk	SBejv1~Kp	enuroot.dic
spillane	SBij@1N	enuroot.dic
spireme	SP|1REM	enuroot.dic
spondee	SPo1NDE	enuroot.dic
sportif	SBgt|1F	enuroot.dic
sprakkar	SPRaKr1	enuroot.dic
squalene	SKWo1LEN	enuroot.dic
squeteague	SKWetE1Gp	enuroot.dic
squilgee	SKW|1jJzE	enuroot.dic
stagiaire	SDAJzk1	enuroot.dic
stamboul	SDaMBf1j	enuroot.dic
stelline	SDejI1N	enuroot.dic
stenog	SDeNo1Gp	enuroot.dic
stenose	SDeNO1Z	enuroot.dic
stilbene	ST|1jBEN	enuroot.dic
strabane	STRaB@1N	enuroot.dic
stramash	STRaM|1s	enuroot.dic
stravage	STRaV|1Jz	enuroot.dic
stravaig	STRaVA1Gp	enuroot.dic
strnad	SD3N@1Dp	enuroot.dic
stylette	ST|1LeTp	enuroot.dic
subbase	S|1BAS	enuroot.dic
subblock	S@1BLoKp	enuroot.dic
subblocks	S@1BLoKS	enuroot.dic
subbranch	S@1BRaNCs	enuroot.dic
subcaste	S@1BKaSTp	enuroot.dic
subcastes	S@1BKaSTS	enuroot.dic
subchief	S|1BCsEF	enuroot.dic
subchiefs	S|1BCsEFS	enuroot.dic
subclade	S|1BKLADp	enuroot.dic
subclan	S@1BKLaN	enuroot.dic
subclans	S@1BKLaNZ	enuroot.dic
subclass	S@1BKLaS	enuroot.dic
subclone	S@1BKLON	enuroot.dic
subclones	S@1BKLONZ	enuroot.dic
subcode	S@1BKODp	enuroot.dic
subcodes	S@1BKODZ	enuroot.dic
subcult	S@1BKvjTp	enuroot.dic
subcults	S@1BKvjTS	enuroot.dic
subdeb	S|1BDeBp	enuroot.dic
subdebs	S|1BDeBZ	enuroot.dic
subface	S|1BFAS	enuroot.dic
subfeu	S|1BFU	enuroot.dic
subfeued	S|1BFUDp	enuroot.dic
subfeus	S|1BFUS	enuroot.dic
subfield	S|1BFEjDp	enuroot.dic
subfields	S|1BFEjDZ	enuroot.dic
subfig	S|1BFiGp	enuroot.dic
subfigs	S|1BFiGZ	enuroot.dic
subframe	S|1BFRAM	enuroot.dic
subframes	S|1BFRAMZ	enuroot.dic
subgame	S|1BGAM	enuroot.dic
subgames	S|1BGAMZ	enuroot.dic
subgrade	S|1BGRADp	enuroot.dic
subgraph	S@1BGRaF	enuroot.dic
subgraphs	S@1BGRaFS	enuroot.dic
subgum	S@1BGvM	enuroot.dic
subgums	S@1BGvMZ	enuroot.dic
subhealth	S|1BdejX	enuroot.dic
sublate	S|1BLATp	enuroot.dic
sublates	S|1BLATS	enuroot.dic
sublot	S@1BLoTp	enuroot.dic
sublots	S@1BLoTS	enuroot.dic
subnet	S|1BNeTp	enuroot.dic
subnets	S|1BNeTS	enuroot.dic
subpac	S@1BPaKp	enuroot.dic
subpage	S|1BPAJz	enuroot.dic
subpart	S@1BPrTp	enuroot.dic
subparts	S@1BPrTS	enuroot.dic
subphase	S|1BFAZ	enuroot.dic
subpost	S@1BPOSTp	enuroot.dic
subposts	S@1BPOSTS	enuroot.dic
subprime	S@1BPRIM	enuroot.dic
subscale	S|1BSGAj	enuroot.dic
subscales	S|1BSGAjZ	enuroot.dic
subschool	S@1BSGbj	enuroot.dic
subschools	S@1BSGbjZ	enuroot.dic
subsense	S|1BSeNS	enuroot.dic
subsere	S|1BS4	enuroot.dic
subseres	S|1BS4Z	enuroot.dic
subshell	S|1Bsej	enuroot.dic
subshells	S|1BsejZ	enuroot.dic
subshrub	S@1BsRvBp	enuroot.dic
subshrubs	S@1BsRvBZ	enuroot.dic
subsite	S@1BSITp	enuroot.dic
subsites	S@1BSITS	enuroot.dic
subskill	S|1BSGij	enuroot.dic
subskills	S|1BSGijZ	enuroot.dic
subsoil	S@1BSyl	enuroot.dic
subsoiled	S@1BSyjDp	enuroot.dic
subsoils	S@1BSyjZ	enuroot.dic
substack	S@1BSDaKp	enuroot.dic
substacks	S@1BSDaKS	enuroot.dic
substant	S@1BSDaNTp	enuroot.dic
substants	S@1BSDaNTS	enuroot.dic
substate	S|1BSDATp	enuroot.dic
substates	S|1BSDATS	enuroot.dic
substring	S|1BSTRi~p	enuroot.dic
substrings	S|1BSTRi~Z	enuroot.dic
subtank	S@1BTa~Kp	enuroot.dic
subtanks	S@1BTa~KS	enuroot.dic
subtask	S@1BTaSKp	enuroot.dic
subtasks	S@1BTaSKS	enuroot.dic
subtests	S|1BTeSTS	enuroot.dic
subtext	S|1BTeKSTp	enuroot.dic
subtexts	S|1BTeKSTS	enuroot.dic
subtheme	S|1BXEM	enuroot.dic
subthemes	S|1BXEMZ	enuroot.dic
subtone	S@1BTON	enuroot.dic
subtones	S@1BTONZ	enuroot.dic
subtribe	S@1BCsRIBp	enuroot.dic
subtribes	S@1BCsRIBZ	enuroot.dic
subtweet	S|1BTWETp	enuroot.dic
subtweets	S|1BTWETS	enuroot.dic
subud	SbB@1Dp	enuroot.dic
subzone	S@1BZON	enuroot.dic
subzones	S@1BZONZ	enuroot.dic
succi	S@1KSI	enuroot.dic
succose	S@1KOZ	enuroot.dic
suchard	SbCs31Dp	enuroot.dic
sudhir	SvDd31	enuroot.dic
suez	Sbe1Z	enuroot.dic
sukhoi	SvKHy1	enuroot.dic
sukil	SbK@1j	enuroot.dic
sukkot	SvK@1Tp	enuroot.dic
sukkoth	SvK@1X	enuroot.dic
summand	SvM@1NDp	enuroot.dic
supine	SbP|1N	enuroot.dic
surcease	S3SE1Z	enuroot.dic
surprize	S3PRI1Z	enuroot.dic
suslik	S|1SLiKp	enuroot.dic
suversed	SbV31STp	enuroot.dic
swaraj	SWkI1	enuroot.dic
syed	SI1YeDp	enuroot.dic
symone	SiMO1N	enuroot.dic
syrah	S3@1	enuroot.dic
tabriz	TaBR|1Z	enuroot.dic
tabu	TaBYb1	enuroot.dic
tabus	TAB@1S	enuroot.dic
tachiste	TaCs|1STp	enuroot.dic
tadzhik	TaDzi1Kp	enuroot.dic
tagaq	TaGa1Kp	enuroot.dic
tahir	Tad31	enuroot.dic
tahrir	Tr31	enuroot.dic
tajik	TaJzi1Kp	enuroot.dic
tajin	TaJz|1N	enuroot.dic
tajine	TaJz|1N	enuroot.dic
takal	TAK@1j	enuroot.dic
takfir	TaKF31	enuroot.dic
talkee	T|1KE	enuroot.dic
tamim	TaM|1M	enuroot.dic
tanguy	Ta~GI1	enuroot.dic
tapau	TaPf1	enuroot.dic
tartufe	TrCs@1F	enuroot.dic
tartuffe	Trt@1F	enuroot.dic
tashikk	Tasi1Kp	enuroot.dic
tashkent	TasK|1NTp	enuroot.dic
tastee	Ta1SDE	enuroot.dic
tawhid	Twd|1Dp	enuroot.dic
tebboune	TeBf1N	enuroot.dic
teepee	TE1PE	enuroot.dic
tendresse	TeNJzR|1S	enuroot.dic
tenoch	TeNo1Kp	enuroot.dic
tenue	TeNYb1	enuroot.dic
terpene	T31PEN	enuroot.dic
terrane	Tk@1N	enuroot.dic
texpand	TeKSP@1NDp	enuroot.dic
tezim	TeZ|1M	enuroot.dic
theroux	Xkf1KS	enuroot.dic
thomad	XoM@1Dp	enuroot.dic
threescore	XRESKg1	enuroot.dic
thuggee	X|1GE	enuroot.dic
thurrott	X3@1Tp	enuroot.dic
thymene	X|1MEN	enuroot.dic
ticqueur	TiKW31	enuroot.dic
tientsin	TENTS|1N	enuroot.dic
tightlipped	TIqL|1PTp	enuroot.dic
tigray	TiGRA1	enuroot.dic
tiqueur	TiKW31	enuroot.dic
tisane	TiZ@1N	enuroot.dic
tkachuk	TKaCsv1Kp	enuroot.dic
tobac	TOBa1Kp	enuroot.dic
todo	TOtO1	enuroot.dic
toheeb	TodE1Bp	enuroot.dic
tollance	Toj@1NS	enuroot.dic
tolu	Tojb1	enuroot.dic
toman	ToM@1N	enuroot.dic
tomfool	ToMFb1j	enuroot.dic
tomine	ToM|1N	enuroot.dic
tomorn	ToM31N	enuroot.dic
tomoz	ToM@1Z	enuroot.dic
tonee	T|1NE	enuroot.dic
toneme	T|1NEM	enuroot.dic
tonkin	To~K|1N	enuroot.dic
tonneau	T@1NO	enuroot.dic
tonneaux	T@1NO	enuroot.dic
topflight	ToFLI1Tp	enuroot.dic
toshkent	TosK|1NTp	enuroot.dic
totsiens	ToTSE1NZ	enuroot.dic
toujours	TfJz31Z	enuroot.dic
toulon	Tfj@1N	enuroot.dic
towhee	Tf1dE	enuroot.dic
trabant	CsRaB@1NTp	enuroot.dic
trabzon	CsRaBZ@1N	enuroot.dic
tracee	CsR|1SE	enuroot.dic
traduce	CsRaJz@1S	enuroot.dic
traduct	CsRatv1KTp	enuroot.dic
trahan	CsRAda1N	enuroot.dic
traject	CsRaJze1KTp	enuroot.dic
transcash	CsRa1NSGas	enuroot.dic
transearth	CsRaNZ31X	enuroot.dic
transect	CsRaNZe1KTp	enuroot.dic
transfem	CsRa1NSFeM	enuroot.dic
transgene	CsRa1NZJzEN	enuroot.dic
transhet	CsRa1NSHeTp	enuroot.dic
tranship	CsRaNsi1Pp	enuroot.dic
transmasc	CsRa1NZMaSKp	enuroot.dic
transphobe	CsRa1NSFOBp	enuroot.dic
transude	CsRaNZb1Dp	enuroot.dic
transvest	CsRaNZV|1STp	enuroot.dic
tranxene	CsRa1~KSEN	enuroot.dic
trapan	CsRaP@1N	enuroot.dic
travois	CsRaVy1S	enuroot.dic
trebek	CsReBe1Kp	enuroot.dic
tremain	CsReM@1N	enuroot.dic
trepan	CsReP@1N	enuroot.dic
trepang	CsRePa1~p	enuroot.dic
tribade	CsR|1BADp	enuroot.dic
triomphe	CsRIY@1MF	enuroot.dic
triseme	CsR|1ZEM	enuroot.dic
triskele	CsR|1SGEj	enuroot.dic
tristesse	CsRiST|1S	enuroot.dic
trouveur	CsRfVY31	enuroot.dic
truffaut	CsRvFw1Tp	enuroot.dic
tsaran	TSk@1N	enuroot.dic
tudum	Tbt@1M	enuroot.dic
tuman	TbM@1N	enuroot.dic
turgot	T3G@1Tp	enuroot.dic
turkel	T3K@1j	enuroot.dic
typee	T|1PE	enuroot.dic
tyrod	T3@1Dp	enuroot.dic
tyrol	T3R@1j	enuroot.dic
tzitzit	TSiTS|1Tp	enuroot.dic
ugreen	YbGRE1N	enuroot.dic
ukase	YbK@1S	enuroot.dic
umair	YbMk1	enuroot.dic
uncal	v1~Kaj	enuroot.dic
uncos	v1~KoS	enuroot.dic
uncus	v1~KvS	enuroot.dic
unguis	v1~GiS	enuroot.dic
unnie	v1NI	enuroot.dic
unrwa	v1NRWo	enuroot.dic
unsphered	vNSF31Dp	enuroot.dic
unsub	v1NSvBp	enuroot.dic
unsubs	v1NSvBZ	enuroot.dic
unwra	v1NRo	enuroot.dic
uparch	YbPr1Kp	enuroot.dic
uparched	YbPr1KTp	enuroot.dic
upbore	vPBg1	enuroot.dic
upborn	vPBg1N	enuroot.dic
upbraid	vPBRA1Dp	enuroot.dic
upbraids	vPBRA1DZ	enuroot.dic
upbuild	vPB|1jDp	enuroot.dic
upbuilds	vPB|1jDZ	enuroot.dic
upbuilt	vPB|1jTp	enuroot.dic
uplift	vPLi1FTp	enuroot.dic
uplifts	vPL|1FTS	enuroot.dic
upraise	YbPRA1Z	enuroot.dic
uproot	YbPRb1Tp	enuroot.dic
uproots	YbPRb1TS	enuroot.dic
ursell	31Sej	enuroot.dic
ushak	bsa1Kp	enuroot.dic
vadim	Vat|1M	enuroot.dic
vaduz	Vat@1Z	enuroot.dic
valais	VajA1S	enuroot.dic
valdez	Vo1jDeZ	enuroot.dic
vamoose	VaMb1Z	enuroot.dic
vampself	Va1MPSejF	enuroot.dic
vaquez	VoKe1Z	enuroot.dic
varane	Vk@1N	enuroot.dic
varoom	VaRb1M	enuroot.dic
vaseem	VaZE1M	enuroot.dic
vaudois	Vwty1S	enuroot.dic
vendeuse	VeNJz@1Z	enuroot.dic
venust	VeN@1STp	enuroot.dic
verglas	V3GL@1Z	enuroot.dic
verklempt	V3KL|1MPTp	enuroot.dic
verkramp	V3KR@1MPp	enuroot.dic
vernay	V3NA1	enuroot.dic
vinod	ViN@1Dp	enuroot.dic
virole	V4RO1j	enuroot.dic
vishal	Vis@1j	enuroot.dic
vivant	ViV@1NTp	enuroot.dic
vivek	ViVe1Kp	enuroot.dic
vivere	V|1V4	enuroot.dic
vodoun	Votf1N	enuroot.dic
vodun	Vot@1N	enuroot.dic
voila	Vyj@1	enuroot.dic
voilà	Vyj@1	enuroot.dic
voiture	VyCs31	enuroot.dic
voltaire	VOjTk1	enuroot.dic
volute	Vojb1Tp	enuroot.dic
volvelle	Vo1jVej	enuroot.dic
volver	VojV31	enuroot.dic
voorhees	Vc1dEZ	enuroot.dic
voudon	Vbt@1N	enuroot.dic
voudoun	Vftf1N	enuroot.dic
vouvray	VfVRA1	enuroot.dic
vuong	VUo1~p	enuroot.dic
wadud	Wot@1Dp	enuroot.dic
wakan	WaK@1N	enuroot.dic
wakon	WaK@1N	enuroot.dic
wannsee	Wo1NSE	enuroot.dic
watap	Wot@1Pp	enuroot.dic
watape	Wot@1Pp	enuroot.dic
wazoo	WoZb1	enuroot.dic
webtoon	We1BTbN	enuroot.dic
weiwei	WEWE1	enuroot.dic
whatev	WaTe1F	enuroot.dic
whereup	Wk@1Pp	enuroot.dic
whoopee	Wb1PE	enuroot.dic
windblade	W|1NDBLADp	enuroot.dic
withal	WIX@1j	enuroot.dic
wolfself	Wo1jFSejF	enuroot.dic
worldschool	W3jDsb1j	enuroot.dic
xanthene	Za1NXEN	enuroot.dic
yakut	YaK@1Tp	enuroot.dic
yakutsk	YaK@1TSKp	enuroot.dic
yamal	YAM@1j	enuroot.dic
yamiche	YaM|1Cs	enuroot.dic
yangon	Ya~G@1N	enuroot.dic
yashmac	YasMa1Kp	enuroot.dic
yasmeen	YaZME1N	enuroot.dic
yclad	iKL@1Dp	enuroot.dic
yclept	iKL|1PTp	enuroot.dic
yearlong	Y3jo1~p	enuroot.dic
yippee	Y|1PE	enuroot.dic
yitian	Yis@1N	enuroot.dic
yohance	Yod@1NS	enuroot.dic
yseult	iz@1jTp	enuroot.dic
yvon	iV@1N	enuroot.dic
zadig	Zati1Gp	enuroot.dic
zafar	ZAFr1	enuroot.dic
zarif	Zk|1F	enuroot.dic
zarude	Zkb1Dp	enuroot.dic
zedong	Zeto1~p	enuroot.dic
zermatt	Z3M@1Tp	enuroot.dic
zhakkarn	ZaK31N	enuroot.dic
zhengzhou	Ze~zb1	enuroot.dic
ziad	ZIY@1Dp	enuroot.dic
zidane	Zit@1N	enuroot.dic
zindan	ZiND@1N	enuroot.dic
zohran	ZgR@1N	enuroot.dic
zouave	Zb@1V	enuroot.dic
zweibel	ZWIB|1j	enuroot.dic
aasvogel	oZV|1G|j	enuroot.dic
abaca	@BoK@1	enuroot.dic
abaci	@1BoSE	enuroot.dic
abacist	@1BaS|STp	enuroot.dic
abaco	@1BoKO	enuroot.dic
abacost	@1BaK@STp	enuroot.dic
abacot	@1BaK@Tp	enuroot.dic
abacá	@BoK@1	enuroot.dic
abadan	@Bat@1N	enuroot.dic
abatis	@1Bot|S	enuroot.dic
abattage	@Bat|1Jz	enuroot.dic
abbasis	aB|1S|S	enuroot.dic
abbotcy	@1BoTSE	enuroot.dic
abbrochment	aBRo1KM|NTp	enuroot.dic
abdallah	a1BDaj@	enuroot.dic
abducens	aBJz|1S|NZ	enuroot.dic
abducent	aBJz|1S|NTp	enuroot.dic
abdullah	aBDvj@1	enuroot.dic
abedin	@1Bet|N	enuroot.dic
abelard	@1Bej3Dp	enuroot.dic
abelite	@1BEjITp	enuroot.dic
abelmosk	@1BejM@SKp	enuroot.dic
abelssoft	@1BejS@FTp	enuroot.dic
abena	@1BeN@	enuroot.dic
aberrans	@1Bk@NZ	enuroot.dic
abipon	@1BiP@N	enuroot.dic
abitur	@BICs31	enuroot.dic
ablepsy	@1BLePSE	enuroot.dic
ablesplain	@1BLeSPL@N	enuroot.dic
absinthol	@1BSiNX@j	enuroot.dic
abumrad	@1BUMR@Dp	enuroot.dic
acanthopt	@1KaNX@PTp	enuroot.dic
acari	@1KoRE	enuroot.dic
acarine	@1Kk|N	enuroot.dic
acaudate	aKw1DATp	enuroot.dic
accedence	aKS|1t|NS	enuroot.dic
accesskey	@1KSeSKE	enuroot.dic
accompli	@KoMPLE1	enuroot.dic
accomplis	@KoMPL|1S	enuroot.dic
accoucheur	@KfCs31	enuroot.dic
accoucheuse	@KfCs@1Z	enuroot.dic
acerose	@1SkOZ	enuroot.dic
acetose	@1SetOZ	enuroot.dic
achaian	aCsA1Y@N	enuroot.dic
achatour	aCs@1Tc	enuroot.dic
achernar	@1Cs3Nr	enuroot.dic
acholous	aCs@1j@S	enuroot.dic
achylous	aCs@1j@S	enuroot.dic
acini	@1CsENE	enuroot.dic
acinose	@1SiNOZ	enuroot.dic
acquihire	@1KWid3	enuroot.dic
acrita	@1KREt@	enuroot.dic
acroblast	@1KRoBL@STp	enuroot.dic
acronal	aKR@1N@j	enuroot.dic
acroski	@1KRoSKE	enuroot.dic
acrospire	@1KRoSP3	enuroot.dic
acrospore	@1KRoSPg	enuroot.dic
actaeon	aKTA1Y@N	enuroot.dic
acupoint	@1KUPyNTp	enuroot.dic
adamine	@1DaM|N	enuroot.dic
adamish	@1DaM|s	enuroot.dic
adamist	@1DaM|STp	enuroot.dic
adamsite	@1DaMSITp	enuroot.dic
adanne	A2Y|1DaN	enuroot.dic
adarlan	@1Drj@N	enuroot.dic
adducent	aJz|1S|NTp	enuroot.dic
adduser	@1DbZ3	enuroot.dic
addvalue	@1DVajb	enuroot.dic
adenase	@1DeN@S	enuroot.dic
adfected	aDFe1KT|Dp	enuroot.dic
adfrozen	aDFR|1Z|N	enuroot.dic
adios	@DEYO1Z	enuroot.dic
adipose	@1DiPOZ	enuroot.dic
adjigo	@1JzEGO	enuroot.dic
adlayer	aDLA1Y3	enuroot.dic
adnumber	aDN@1MB3	enuroot.dic
adonai	@DoNA1	enuroot.dic
adonist	@1DoN|STp	enuroot.dic
adonize	@1DoNIZ	enuroot.dic
adowa	@Df@1	enuroot.dic
adsorbate	aDS31BATp	enuroot.dic
adstrata	a1DSTRot@	enuroot.dic
aduhelm	@1Dbd@jM	enuroot.dic
advergame	@1DV3G@M	enuroot.dic
adyta	@1Dit@	enuroot.dic
aechmea	e1CsMEY@	enuroot.dic
aenima	|1NEM@	enuroot.dic
aequitas	|1KEt@Z	enuroot.dic
aequorin	eKW31|N	enuroot.dic
aeroball	k12@Bwj	enuroot.dic
aeroballs	k12@BwjZ	enuroot.dic
aerobee	k12|BE	enuroot.dic
aerobie	k2O1BI	enuroot.dic
aerobies	kO1BEZ	enuroot.dic
aerobot	k12@BoTp	enuroot.dic
aerobots	k12@BoTS	enuroot.dic
aerobrake	k12@BRAKp	enuroot.dic
aerobraked	k12@BRAKTp	enuroot.dic
aerobrakes	k12@BRAKS	enuroot.dic
aerobus	k12@BvS	enuroot.dic
aerocar	k12OKr	enuroot.dic
aerocars	k12OKrZ	enuroot.dic
aerocele	k12|SEj	enuroot.dic
aeroceles	k12|SEjZ	enuroot.dic
aerocrete	k12@KRETp	enuroot.dic
aerocurve	k12@K3V	enuroot.dic
aerocurves	k12@K3VZ	enuroot.dic
aerocyst	k12|SiSTp	enuroot.dic
aerocysts	k12|SiSTS	enuroot.dic
aerodone	k12ODvN	enuroot.dic
aerodones	k12ODvNZ	enuroot.dic
aerodrome	k12@JzROM	enuroot.dic
aerodromes	k12@JzROMZ	enuroot.dic
aerodyne	k12@DIN	enuroot.dic
aerodynes	k12@DINZ	enuroot.dic
aeroflot	k12@FLoTp	enuroot.dic
aerofoil	k12@Fyl	enuroot.dic
aerofoils	k12@FyjZ	enuroot.dic
aerogel	k12OJzej	enuroot.dic
aerogels	k12OJzejZ	enuroot.dic
aerogram	k12@GRaM	enuroot.dic
aerogramme	k12@GRaM	enuroot.dic
aerogrammes	k12@GRaMZ	enuroot.dic
aerograms	k12@GRaMZ	enuroot.dic
aerograph	k12@GRaF	enuroot.dic
aerographs	k12@GRaFS	enuroot.dic
aerojet	k12@JzeTp	enuroot.dic
aerolane	k12|LAN	enuroot.dic
aerolanes	k12|LANZ	enuroot.dic
aerolite	k12@LITp	enuroot.dic
aerolites	k12@LITS	enuroot.dic
aerolith	k12|LiX	enuroot.dic
aeroliths	k12|LiXS	enuroot.dic
aeronaut	k12@NwTp	enuroot.dic
aeronauts	k12@NwTS	enuroot.dic
aeropause	k12@PwZ	enuroot.dic
aeropex	k12|PeKS	enuroot.dic
aerophane	k12|FAN	enuroot.dic
aerophanes	k12|FANZ	enuroot.dic
aerophil	k12|Fij	enuroot.dic
aerophile	k12@FIj	enuroot.dic
aerophiles	k12@FIjZ	enuroot.dic
aerophobe	k12@FOBp	enuroot.dic
aerophobes	k12@FOBZ	enuroot.dic
aerophone	k12@FON	enuroot.dic
aerophones	k12@FONZ	enuroot.dic
aerophore	k12@Fg	enuroot.dic
aerophyte	k12@FITp	enuroot.dic
aerophytes	k12@FITS	enuroot.dic
aeropulse	k12@PvjS	enuroot.dic
aeroscope	k12@SGOPp	enuroot.dic
aeroscopes	k12@SGOPS	enuroot.dic
aeroscrew	k12@SKRb	enuroot.dic
aeroshell	k12|sej	enuroot.dic
aeroshells	k12|sejZ	enuroot.dic
aerosmith	k12|SMiX	enuroot.dic
aerosoled	k12@SOjDp	enuroot.dic
aerosonde	k12@SoNDp	enuroot.dic
aerosondes	k12@SoNDZ	enuroot.dic
aerospike	k12@SBIKp	enuroot.dic
aerospikes	k12@SBIKS	enuroot.dic
aerotow	k12@TO	enuroot.dic
aerotows	k12@TOZ	enuroot.dic
aerotrain	k12@CsRAN	enuroot.dic
aerotrains	k12@CsRANZ	enuroot.dic
aerovane	k12|VAN	enuroot.dic
aerovanes	k12|VANZ	enuroot.dic
aesthesis	eSX|1S|S	enuroot.dic
affectless	@1FeKTL|S	enuroot.dic
afficher	@FiCs31	enuroot.dic
affinage	@FiN|1Jz	enuroot.dic
africrypt	@1FRiKR|PTp	enuroot.dic
afropunk	@1FRoPv~Kp	enuroot.dic
agalloch	@1GajoKp	enuroot.dic
agamete	a2G|1METp	enuroot.dic
agarize	@1GkIZ	enuroot.dic
agarose	@1GkOZ	enuroot.dic
agathist	@1GaX|STp	enuroot.dic
agbero	a1GBkO	enuroot.dic
agelast	@1Jzej@STp	enuroot.dic
agenize	@1JzeNIZ	enuroot.dic
agentive	@1JzeNT|V	enuroot.dic
agincourt	@1Gi~KgTp	enuroot.dic
agism	@1JziZ@M	enuroot.dic
agita	@1JzEt@	enuroot.dic
agitprop	@1GiTPR@Pp	enuroot.dic
aglisten	aGL|1S|N	enuroot.dic
aglucon	aGL|1K@N	enuroot.dic
aglucone	aGL|1KON	enuroot.dic
aglycon	aGL|1K@N	enuroot.dic
aglycone	aGL|1KON	enuroot.dic
aglyphous	aGL|1F@S	enuroot.dic
agnathus	aGN@1X@S	enuroot.dic
agnean	aGNE1Y@N	enuroot.dic
agnodice	aGN|1t|S	enuroot.dic
agnomen	aGNO1M|N	enuroot.dic
agonarch	@1GoNrKp	enuroot.dic
agonise	@1GoN|Z	enuroot.dic
agonist	@1GoN|STp	enuroot.dic
agora	@1GgR@	enuroot.dic
agrapha	@1GRaF@	enuroot.dic
agterskot	a1GT3SK@Tp	enuroot.dic
aguila	@1GEj@	enuroot.dic
agustin	@GvST|1N	enuroot.dic
ahikar	ad|1Kr	enuroot.dic
aiesha	A1Yes@	enuroot.dic
ajowan	@1JzfoN	enuroot.dic
ajumma	@1JzbM@	enuroot.dic
akalat	aK@1jaTp	enuroot.dic
alachlor	@1LaKL3	enuroot.dic
alalam	@1Laj@M	enuroot.dic
alamak	@1LaMaKp	enuroot.dic
alary	@1LkE	enuroot.dic
alasdair	@1LaZDk	enuroot.dic
alateen	@1LaTEN	enuroot.dic
alawi	@1LoWE	enuroot.dic
alawis	@1LoW|S	enuroot.dic
alawite	@1LoWITp	enuroot.dic
alazon	@1LaZ@N	enuroot.dic
albeniz	ajB|1N|Z	enuroot.dic
albinus	ajB|1N@S	enuroot.dic
albucid	ajBY|1S|Dp	enuroot.dic
albumen	ajBYb1M|N	enuroot.dic
albumin	ajBY|1M|N	enuroot.dic
alcaeus	ajKA1Y@S	enuroot.dic
alcamo	a1jKoMO	enuroot.dic
alcapton	ajK@1PT@N	enuroot.dic
alcazar	ajK@1Zr	enuroot.dic
alcindor	wjS|1ND3	enuroot.dic
alcmaeon	ajKMA1Y@N	enuroot.dic
alcoran	ajK3@1N	enuroot.dic
aleister	@1LIST3	enuroot.dic
alekhine	@1LeKH|N	enuroot.dic
aleron	@1Lk@N	enuroot.dic
aleuron	@1Lc@N	enuroot.dic
aleurone	@1LcON	enuroot.dic
alevi	@1jEVI	enuroot.dic
alevis	@1LeV|S	enuroot.dic
alezan	@LeZ@1N	enuroot.dic
alfaqui	ajFoKE1	enuroot.dic
alfaquis	ajF|KW|1S	enuroot.dic
algenib	ajJz|1N|Bp	enuroot.dic
alia	@1jEY@	enuroot.dic
alicorn	@1LiK3N	enuroot.dic
alios	@1jEYOZ	enuroot.dic
alipay	@1LiPA	enuroot.dic
aliquot	@1LiKW@Tp	enuroot.dic
alisal	@1LIZ|j	enuroot.dic
alister	@1LiST3	enuroot.dic
aliyah	@LiY@1	enuroot.dic
aliyot	@LiY@1Tp	enuroot.dic
alkapton	ajK@1PT@N	enuroot.dic
allemand	@1LeM@NDp	enuroot.dic
allemande	@1LeM@NDp	enuroot.dic
alleycant	@1LAK@NTp	enuroot.dic
alleyverse	@1LAV3S	enuroot.dic
allochem	@1LoKeM	enuroot.dic
allocher	@1LoK3	enuroot.dic
alloclase	@1LoKL@S	enuroot.dic
allograft	@1LoGR@FTp	enuroot.dic
allokine	@1LoK|N	enuroot.dic
allomone	@1LoMON	enuroot.dic
allomorph	@1LoM3F	enuroot.dic
allopreen	@1LoPREN	enuroot.dic
allosome	@1LOSvM	enuroot.dic
allotone	@1LoTON	enuroot.dic
allotrope	@1LoCsROPp	enuroot.dic
allotype	@1LoTIPp	enuroot.dic
alloway	@1LoWA	enuroot.dic
allozyme	@1LoZ|M	enuroot.dic
allying	@1LIYi~p	enuroot.dic
allyship	@1LIsiPp	enuroot.dic
almandite	a1jMaNDITp	enuroot.dic
almaty	ajM|1tE	enuroot.dic
almemar	ajM|1Mr	enuroot.dic
almirah	ajM31@	enuroot.dic
almondy	a1jMoNDE	enuroot.dic
alongshore	@Lo~sg1	enuroot.dic
alpana	a1jPaN@	enuroot.dic
alpenglow	a1jPe~GLO	enuroot.dic
alrighty	ajRI1tE	enuroot.dic
alsadir	wjS@t31	enuroot.dic
altaian	wjTA1Y@N	enuroot.dic
altarskirt	w1jTrSK3Tp	enuroot.dic
alteplase	w1jTePL@S	enuroot.dic
alternans	w1jT3N@NZ	enuroot.dic
altheda	a1jXAt@	enuroot.dic
altima	w1jTEM@	enuroot.dic
alumen	ajb1M|N	enuroot.dic
amador	o1MoDg	enuroot.dic
amala	@1Maj@	enuroot.dic
amanpour	@MaNP31	enuroot.dic
amaram	@1Mk@M	enuroot.dic
amaranth	@1Mk@NX	enuroot.dic
amazone	@1MaZON	enuroot.dic
ambages	aMB|1Jz|Z	enuroot.dic
ambergris	a1MB3GR|S	enuroot.dic
ambika	a1MBEK@	enuroot.dic
ameli	@1MejE	enuroot.dic
ameslan	@1MeZL@N	enuroot.dic
ametrope	@1MeCsROPp	enuroot.dic
amharan	aMd31@N	enuroot.dic
amidase	@1Mit@S	enuroot.dic
amidone	@1MitON	enuroot.dic
amiright	@M4RI1Tp	enuroot.dic
amirite	@M5RYI1Tp	enuroot.dic
amistad	@1MISTaDp	enuroot.dic
amitraz	@1MiCsR@Z	enuroot.dic
ammoglyph	@1MoGL|F	enuroot.dic
amorist	@1MgR|STp	enuroot.dic
amouranth	@1MgR@NX	enuroot.dic
ampesi	aMPAZE1	enuroot.dic
ampesis	aMP|S|1S	enuroot.dic
amphistome	a1MFiSTOM	enuroot.dic
amphora	a1MFgR@	enuroot.dic
ampullae	aMPu1jA	enuroot.dic
ampullar	aMPu1j3	enuroot.dic
amrinone	@1MRiNON	enuroot.dic
amylase	@1Mij@S	enuroot.dic
amylose	@1MijOZ	enuroot.dic
amythest	@1MIX|STp	enuroot.dic
anabas	@1NaB@Z	enuroot.dic
anableps	@1NaBL|PS	enuroot.dic
anadyr	aN@t31	enuroot.dic
anaglyph	@1NaGL|F	enuroot.dic
anagnost	@1NaGN@STp	enuroot.dic
anancy	aN|1NSE	enuroot.dic
anarcha	aNr1K@	enuroot.dic
anarcho	aNr1KO	enuroot.dic
anchises	aNCs|1Z|Z	enuroot.dic
anchusin	aNCs|1Z|N	enuroot.dic
anconal	a~K@1N@j	enuroot.dic
andatsoft	a1NDaTS@FTp	enuroot.dic
androsphinx	a1NJzRoSF|~KS	enuroot.dic
androspore	a1NJzRoSPg	enuroot.dic
anectine	aN|1KTEN	enuroot.dic
aneling	aN|1j|~p	enuroot.dic
anethum	aN|1X@M	enuroot.dic
aneuploid	@1NbPLyDp	enuroot.dic
angelcode	a1NJzejKODp	enuroot.dic
angelscript	a1NJzejSKR|PTp	enuroot.dic
angerspren	a1NJz3SPR|N	enuroot.dic
angishore	a1NJzisg	enuroot.dic
angkoran	a~K31@N	enuroot.dic
anguipede	a12~GW|PEDp	enuroot.dic
anhedral	aNd|1JzR@j	enuroot.dic
anhedron	aNd|1JzR@N	enuroot.dic
anhydrase	aNdI1JzR@S	enuroot.dic
anhydrate	aNdI1JzRATp	enuroot.dic
anhydride	aNdI1JzRIDp	enuroot.dic
anhydrise	aNdI1JzR|Z	enuroot.dic
anhydrite	aNdI1JzRITp	enuroot.dic
anhydrize	aNdI1JzRIZ	enuroot.dic
anhydrous	aNdI1JzR@S	enuroot.dic
anima	@1NEM@	enuroot.dic
animo	@1NEMO	enuroot.dic
anisette	o12N|ZeTp	enuroot.dic
aniyah	aN|1Y@	enuroot.dic
anjuli	aNJzbjE1	enuroot.dic
annelid	@1Nej|Dp	enuroot.dic
annulet	@1Nbj|Tp	enuroot.dic
annuli	@1NbjE	enuroot.dic
annulose	@1NbjOZ	enuroot.dic
anomi	@1NOME	enuroot.dic
anouilh	aNb1|j	enuroot.dic
antaeus	aNTA1Y@S	enuroot.dic
anteros	a1NTkOZ	enuroot.dic
antescript	a1NTeSKR|PTp	enuroot.dic
anthesis	aNX|1S|S	enuroot.dic
anthostele	a12NX@SDEj	enuroot.dic
antica	aNT|1K@	enuroot.dic
antichlor	a1NTiKL3	enuroot.dic
antichlors	a1NTiKL3Z	enuroot.dic
antico	aNT|1KO	enuroot.dic
anticum	aNT|1K@M	enuroot.dic
anticus	aNT|1K@S	enuroot.dic
antidrug	a12NTEJzRvGp	enuroot.dic
antiflash	a12NTEFLas	enuroot.dic
antigene	a12NT|JzEN	enuroot.dic
antiguan	aNT|1GW@N	enuroot.dic
antika	a1NTEK@	enuroot.dic
antikas	a1NTEK@Z	enuroot.dic
antilock	a12NTELoKp	enuroot.dic
antilog	a12NTELoGp	enuroot.dic
antilogs	a12NTELoGZ	enuroot.dic
antinode	a12NTENODp	enuroot.dic
antinodes	a12NTENODZ	enuroot.dic
antinome	a12NTENOM	enuroot.dic
antinomes	a12NTENOMZ	enuroot.dic
antinous	a12NTENfS	enuroot.dic
antiphase	a12NTEFAZ	enuroot.dic
antiphon	a12NTEFoN	enuroot.dic
antiphons	a12NTEFoNZ	enuroot.dic
antipole	a12NTEPOj	enuroot.dic
antipope	a12NTEPOPp	enuroot.dic
antipopes	a12NTEPOPS	enuroot.dic
antisense	a12NTESeNS	enuroot.dic
antispast	a12NTESBaSTp	enuroot.dic
antithet	a12NTEXeTp	enuroot.dic
antitrade	a12NTECsRADp	enuroot.dic
antitrades	a12NTECsRADZ	enuroot.dic
antitrope	a12NTECsROPp	enuroot.dic
antitropes	a12NTECsROPS	enuroot.dic
antitype	a12NTETIPp	enuroot.dic
antitypes	a12NTETIPS	enuroot.dic
antivert	a12NTEV3Tp	enuroot.dic
antiverts	a12NTEV3TS	enuroot.dic
antiworld	a12NTEW3jDp	enuroot.dic
antonee	a12NT|NE	enuroot.dic
antozone	aNT@1ZON	enuroot.dic
anuran	aNY31@N	enuroot.dic
apagon	@1PaG@N	enuroot.dic
apanage	@1PaN|Jz	enuroot.dic
apastron	aP@1STRoN	enuroot.dic
apathist	@1PaX|STp	enuroot.dic
apathize	@1PaXIZ	enuroot.dic
apeldoorn	@1PejDgN	enuroot.dic
apennine	@1PeN|N	enuroot.dic
apennines	@1PeN|NZ	enuroot.dic
apheses	@1FeZEZ	enuroot.dic
aphthoses	aFXO1Z|Z	enuroot.dic
apical	@1PiK@j	enuroot.dic
apically	@1PiKLE	enuroot.dic
apices	@1PIS|Z	enuroot.dic
apiphobe	@1PiFOBp	enuroot.dic
apneuses	aPNY|1Z|Z	enuroot.dic
apneusis	aPNY|1S|S	enuroot.dic
apocarp	@1PoK3Pp	enuroot.dic
apocrine	@1PoKR|N	enuroot.dic
apocryph	@1PoKR|F	enuroot.dic
apodize	@1PotIZ	enuroot.dic
apolar	aP@1j3	enuroot.dic
apomict	@1PoMiKTp	enuroot.dic
apomorph	@1PoM3F	enuroot.dic
apophthegm	@1PoFXeGM	enuroot.dic
apostate	aP@1STATp	enuroot.dic
apothegm	@1PoX@M	enuroot.dic
apothem	@1PoX|M	enuroot.dic
apozem	@1PoZ|M	enuroot.dic
appdata	@1PDAt@	enuroot.dic
appenzell	@1PeNZ|j	enuroot.dic
apperceive	@P3SE1V	enuroot.dic
appiah	@1PIY@	enuroot.dic
aprilish	@1PRij|s	enuroot.dic
apriplum	@1PRiPL@M	enuroot.dic
aprium	@1PREYvM	enuroot.dic
apsara	a1PSr@	enuroot.dic
aputure	@1PUCs3	enuroot.dic
apyrase	@1P3@S	enuroot.dic
aqaba	@1KaB@	enuroot.dic
aqmola	aKMOj@1	enuroot.dic
aquarid	aKWo1R|Dp	enuroot.dic
aquidneck	aKW|1DNeKp	enuroot.dic
aquilo	@1KEjO	enuroot.dic
araban	@1RaB@N	enuroot.dic
arachis	@1RaCs|S	enuroot.dic
aragats	k|Ga1TS	enuroot.dic
arawak	@1RoWaKp	enuroot.dic
arcanum	rK@1N@M	enuroot.dic
archabbey	r1KaBE	enuroot.dic
archabbot	r1KaB@Tp	enuroot.dic
archaea	r1KAY@	enuroot.dic
archducal	rCsJz|1K@j	enuroot.dic
archean	rKE1Y@N	enuroot.dic
archespore	r1KeSPg	enuroot.dic
archiblast	r1KiBL@STp	enuroot.dic
archispore	r1KiSPg	enuroot.dic
archistome	r1KiSTOM	enuroot.dic
arcturus	rKCs31@S	enuroot.dic
ardabil	rt@B|1j	enuroot.dic
ardebil	rt|B|1j	enuroot.dic
arenose	@1ReNOZ	enuroot.dic
argali	r1GojE	enuroot.dic
argalis	r1Goj|S	enuroot.dic
argasid	rG|1Z|Dp	enuroot.dic
argentite	r1JzeNTITp	enuroot.dic
ariane	@1RIY@N	enuroot.dic
aricept	@1RiS|PTp	enuroot.dic
aridest	@1RIt|STp	enuroot.dic
aristarch	@1RiSTrKp	enuroot.dic
aristate	k|1STATp	enuroot.dic
aristide	@RiSTI1Dp	enuroot.dic
arkengarth	r1Ke~G3X	enuroot.dic
armagnac	r1MaGNaKp	enuroot.dic
arrises	@1RIZ|Z	enuroot.dic
arriviste	@RiV|1STp	enuroot.dic
arthroses	rXRO1Z|Z	enuroot.dic
arthrospore	r1XRoSPg	enuroot.dic
asana	@1SaN@	enuroot.dic
asarfi	@1SrFE	enuroot.dic
asarfis	@1SrF|S	enuroot.dic
asarphi	@1SrFE	enuroot.dic
asarphis	@1SrF|S	enuroot.dic
asatru	@1SaCsRb	enuroot.dic
asbestine	aZB|1STEN	enuroot.dic
ascarops	@1SGk@PS	enuroot.dic
ascocarp	@1SGoK3Pp	enuroot.dic
ascophore	@1SGoFg	enuroot.dic
ascorbate	aSK31BATp	enuroot.dic
ascospore	@1SGoSPg	enuroot.dic
asherah	as31@	enuroot.dic
ashkura	a1sKc@	enuroot.dic
ashrafi	a1sRoFE	enuroot.dic
ashrafis	o1sRoF|S	enuroot.dic
ashrama	a1sRaM@	enuroot.dic
ashraphi	a1sRoFE	enuroot.dic
asiarch	@1SIYrKp	enuroot.dic
asinine	@1SiN|N	enuroot.dic
askesis	aSK|1S|S	enuroot.dic
aspartate	aSP31TATp	enuroot.dic
asperger	@1SB3Jz3	enuroot.dic
assapan	@1SaP@N	enuroot.dic
assia	@1SIY@	enuroot.dic
assignor	@SIN31	enuroot.dic
astarboard	aSTr1BgDp	enuroot.dic
astrachan	@1STRaCs@N	enuroot.dic
astraphobe	@1STRaFOBp	enuroot.dic
astroblast	@1STRoBL@STp	enuroot.dic
astroblasts	@1STRoBL@STS	enuroot.dic
astrobleme	a12STRoBLEM	enuroot.dic
astroblemes	a12STRoBLEMZ	enuroot.dic
astrocyte	@1STRoS|Tp	enuroot.dic
astrocytes	@1STRoS|TS	enuroot.dic
astrograph	@1STRoGRaF	enuroot.dic
astrographs	@1STRoGRaFS	enuroot.dic
astrolabe	@1STRoj@Bp	enuroot.dic
astrolabes	@1STRoj@BZ	enuroot.dic
astropad	@1STRoP@Dp	enuroot.dic
astrophage	@1STRoF|Jz	enuroot.dic
astrophil	@1STRoF@j	enuroot.dic
astrophile	@1STRoF@j	enuroot.dic
astrophiles	@1STRoF@jZ	enuroot.dic
astrophils	@1STRoF@jZ	enuroot.dic
astropyle	@1STRoP|j	enuroot.dic
astroscale	@1STRoSKAj	enuroot.dic
astroscope	@1STRoSKOPp	enuroot.dic
astroscopes	@1STRoSKOPS	enuroot.dic
astrosex	@1STRoZeKS	enuroot.dic
astroworld	@1STRf3jDp	enuroot.dic
astylar	aST|1jr	enuroot.dic
asuncion	@SvNs@1N	enuroot.dic
asylee	AZELE1	enuroot.dic
atabrine	@1TaBR|N	enuroot.dic
atacand	@1TaK@NDp	enuroot.dic
ataghan	@1TaG@N	enuroot.dic
atelier	@TEjY31	enuroot.dic
athelstan	@1XejST@N	enuroot.dic
athleisure	aXLI1z3	enuroot.dic
athwartwise	aXWg1qWIZ	enuroot.dic
ativan	@1TiV@N	enuroot.dic
atmosfeel	a1TMoSFEj	enuroot.dic
atropa	@1CsROP@	enuroot.dic
atropos	@1CsROPOZ	enuroot.dic
attelet	@1Tej|Tp	enuroot.dic
attuent	aCsb1|NTp	enuroot.dic
atzereth	aTS31|X	enuroot.dic
aubergine	w1B3Jz|N	enuroot.dic
augean	wGE1Y@N	enuroot.dic
augustly	wG@1STLE	enuroot.dic
augustness	wG@1STN|S	enuroot.dic
aujeszky	w1YesKE	enuroot.dic
aunjanue	fNY@NYb1	enuroot.dic
aurigae	gR|1GA	enuroot.dic
aurigal	gR|1G|j	enuroot.dic
aurignac	wRiGNa1Kp	enuroot.dic
aurorae	gR31A	enuroot.dic
austrinus	wSTR|1N@S	enuroot.dic
autarchic	wTr1K|Kp	enuroot.dic
autarky	w1TrKE	enuroot.dic
autobahn	w12tOBoN	enuroot.dic
autobahns	w12tOBoNZ	enuroot.dic
autobot	w12tOBoTp	enuroot.dic
autobots	w12tOBoTS	enuroot.dic
autobus	w12tOBvS	enuroot.dic
autocade	w12tOKADp	enuroot.dic
autocades	w12tOKADZ	enuroot.dic
autocamp	w12tOKaMPp	enuroot.dic
autocamps	w12tOKaMPS	enuroot.dic
autocar	w12tOKr	enuroot.dic
autocarp	w12tOKrPp	enuroot.dic
autocarps	w12tOKrPS	enuroot.dic
autocars	w12tOKrZ	enuroot.dic
autocide	w12tOSIDp	enuroot.dic
autocides	w12tOSIDZ	enuroot.dic
autoclave	w1ToKL@V	enuroot.dic
autoclaved	w1ToKL@VDp	enuroot.dic
autoclaves	w1ToKL@VZ	enuroot.dic
autocode	w12tOKODp	enuroot.dic
autocodes	w12tOKODZ	enuroot.dic
autocoid	w12tOKyDp	enuroot.dic
autocoup	w12tOKb	enuroot.dic
autocoups	w12tOKbZ	enuroot.dic
autocue	w12tOKU	enuroot.dic
autocues	w12tOKUZ	enuroot.dic
autodesk	w12tODeSKp	enuroot.dic
autofill	w12tOFij	enuroot.dic
autofilled	w12tOFijDp	enuroot.dic
autofills	w12tOFijZ	enuroot.dic
autoflare	w1ToFL3	enuroot.dic
autoflares	w1ToFL3Z	enuroot.dic
autoforge	w12tOFgJz	enuroot.dic
autogas	w1TOG@Z	enuroot.dic
autoharp	w12tOdrPp	enuroot.dic
autohelm	w12tOdejM	enuroot.dic
autohelms	w12tOdejMZ	enuroot.dic
autoicous	wTy1K@S	enuroot.dic
autolith	w12tOLiX	enuroot.dic
autoliths	w12tOLiXS	enuroot.dic
automath	w12tOMaX	enuroot.dic
automaths	w12tOMaXS	enuroot.dic
automix	w12tOMiKS	enuroot.dic
automize	w12tOMIZ	enuroot.dic
automized	w12tOMIZDp	enuroot.dic
automorph	w12tOMgF	enuroot.dic
automorphs	w12tOMgFS	enuroot.dic
autopay	w12tOPA	enuroot.dic
autopen	w12tOPeN	enuroot.dic
autopens	w12tOPeNZ	enuroot.dic
autoplast	w1ToPL@STp	enuroot.dic
autoplasts	w1ToPL@STS	enuroot.dic
autoplay	w1ToPLA	enuroot.dic
autoplayed	w1ToPLADp	enuroot.dic
autoplays	w1ToPLAZ	enuroot.dic
autoploid	w1ToPLyDp	enuroot.dic
autoploids	w1ToPLyDZ	enuroot.dic
autopsist	w1ToPS|STp	enuroot.dic
autoput	w12tOPuTp	enuroot.dic
autoputs	w12tOPuTS	enuroot.dic
autorad	w12tORaDp	enuroot.dic
autorads	w12tORaDZ	enuroot.dic
autoroute	w12tORbTp	enuroot.dic
autoroutes	w12tORbTS	enuroot.dic
autosave	w12tOSAV	enuroot.dic
autosaved	w12tOSAVDp	enuroot.dic
autosaves	w12tOSAVZ	enuroot.dic
autosexed	w12tOSeKSTp	enuroot.dic
autoshow	w1TosO	enuroot.dic
autoshows	w1TosOZ	enuroot.dic
autosite	w12tOSITp	enuroot.dic
autosites	w12tOSITS	enuroot.dic
autoson	w12tOSvN	enuroot.dic
autospore	w1ToSPg	enuroot.dic
autospores	w1ToSPgZ	enuroot.dic
autotab	w12tOTaBp	enuroot.dic
autotests	w12tOTeSTS	enuroot.dic
autotune	w12tOTbN	enuroot.dic
autotuned	w12tOTbNDp	enuroot.dic
autotunes	w12tOTbNZ	enuroot.dic
autowind	w12tOWINDp	enuroot.dic
autunite	wCs@1NITp	enuroot.dic
auxesis	wKS|1S|S	enuroot.dic
avada	@1Vot@	enuroot.dic
avantgarde	@VaNTGr1Dp	enuroot.dic
avapro	@1VaPRO	enuroot.dic
avedon	@1VEt@N	enuroot.dic
aveline	@1VEjIN	enuroot.dic
aventyl	@1VeNT@j	enuroot.dic
avenu	@VeNYb1	enuroot.dic
avises	@1VIZ|Z	enuroot.dic
avocet	@1VoS|Tp	enuroot.dic
avodart	@1Vot3Tp	enuroot.dic
avogram	@1VoGRaM	enuroot.dic
avonlea	@1VoNLY@	enuroot.dic
axelrod	a1KSejR@Dp	enuroot.dic
ayesha	@1Yes@	enuroot.dic
ayeshah	@1Yes@	enuroot.dic
ayisha	@1Yis@	enuroot.dic
aymara	AMr@1	enuroot.dic
aymaran	AM3@1N	enuroot.dic
azadi	@ZotE1	enuroot.dic
azerty	aZ31tE	enuroot.dic
azido	@1ZEtO	enuroot.dic
azonal	aZ@1N@j	enuroot.dic
azoted	aZO1t|Dp	enuroot.dic
azotus	aZ@1t@S	enuroot.dic
azovstal	@1ZoVST@j	enuroot.dic
azoxy	@1ZoKSE	enuroot.dic
aztecan	aST|1K@N	enuroot.dic
azula	az@1j@	enuroot.dic
azulene	a12z|jEN	enuroot.dic
azygos	aZ|1G@S	enuroot.dic
azygous	aZ|1G@S	enuroot.dic
babassu	B@Basb1	enuroot.dic
babassus	B@BaS@1S	enuroot.dic
babouvist	BaBf1V|STp	enuroot.dic
babuyan	BaBIY@1N	enuroot.dic
bacalhau	BaK@jf1	enuroot.dic
baccarat	BaK3a1Tp	enuroot.dic
backwoodsman	BaKWu1DZM@N	enuroot.dic
backwoodsy	BaKWu1DSE	enuroot.dic
badinage	Bat|N|1Jz	enuroot.dic
badiner	BatE1N3	enuroot.dic
baedeker	BA1DEK3	enuroot.dic
bahaman	Bad@1M@N	enuroot.dic
bahamut	Bad@1M@Tp	enuroot.dic
bahia	BAdE1Y@	enuroot.dic
bahnasa	B@1NaZ@	enuroot.dic
bahurim	BadYc1|M	enuroot.dic
baikonur	BAK@N31	enuroot.dic
bakerloo	B|K3jb1	enuroot.dic
bakhtaran	BaKT3@1N	enuroot.dic
baklava	Bo1KL@Vo	enuroot.dic
bakunin	BaKY|1N|N	enuroot.dic
bakunist	BaKY|1N|STp	enuroot.dic
balaji	B@1LoJzE	enuroot.dic
balanda	B@1LaND@	enuroot.dic
balconet	BajK|N|1Tp	enuroot.dic
balderdash	Bw1jD3t|s	enuroot.dic
ballonet	Baj|N|1Tp	enuroot.dic
ballotage	Baj|t|1Jz	enuroot.dic
ballottement	Baj|1qM|NTp	enuroot.dic
ballyboe	Baj|BO1	enuroot.dic
balmacaan	BajM|Ko1N	enuroot.dic
balochis	Baj|1Cs|S	enuroot.dic
balsamo	Bw1jSoMO	enuroot.dic
balthasar	BajX@1Zr	enuroot.dic
baltistan	BwjTiST@1N	enuroot.dic
baluchis	Baj|1Cs|S	enuroot.dic
bamako	B@MoKO1	enuroot.dic
bambaataa	BaMBo1To	enuroot.dic
bamboozle	BaMBb1Z|j	enuroot.dic
bandersnatch	Ba1ND3SN@Cs	enuroot.dic
bandolier	BaND@jY31	enuroot.dic
banerjee	Ba12N3JzE	enuroot.dic
bangalore	Ba~G@jg1	enuroot.dic
banoffee	Ba2N|1FE	enuroot.dic
bantustan	Ba1NTvST@N	enuroot.dic
baphomet	B@1FoM|Tp	enuroot.dic
barangay	B@Ra~GA1	enuroot.dic
barathra	B@1RaXR@	enuroot.dic
barbotage	BrB|t|1Jz	enuroot.dic
barbudan	BrBY@1t@N	enuroot.dic
baroswitch	B@1RoZW|Cs	enuroot.dic
bartendress	Br1TeNJzR|S	enuroot.dic
barthesian	Br1XEz@N	enuroot.dic
bascinet	BaS|N|1Tp	enuroot.dic
baselevel	B|1Zej|Vl	enuroot.dic
basifixed	B|1ZiF|KSTp	enuroot.dic
basilan	BaZ@1j@N	enuroot.dic
basinet	BaZ|N|1Tp	enuroot.dic
basketweave	Ba1SGeTWEV	enuroot.dic
basquiat	BaSKWEY@1Tp	enuroot.dic
bassinet	BaS|N|1Tp	enuroot.dic
bassirou	BaS31b	enuroot.dic
bassnectar	Ba1SNeKTr	enuroot.dic
bastardy	Ba1SDrtE	enuroot.dic
bataclan	B@1TaKL@N	enuroot.dic
batesian	B|1TEz@N	enuroot.dic
bathyscaph	B|1XiSK@F	enuroot.dic
bathyscaphe	B|1XiSK@F	enuroot.dic
bauernwurst	Bf1kNW3STp	enuroot.dic
bavarois	BaV3y1S	enuroot.dic
bayesian	BA1YEz@N	enuroot.dic
baykonur	BAK@N31	enuroot.dic
bayonet	BA12Y|NeTp	enuroot.dic
bayqongyr	BAKoNJz31	enuroot.dic
bazookoid	BaZu1KyDp	enuroot.dic
beaumarchais	BOMrKA1S	enuroot.dic
bechamel	B|CsaM@1j	enuroot.dic
beconase	B|1KoN@S	enuroot.dic
becquerel	BeKW3R@1j	enuroot.dic
bedfellow	Be1DFejO	enuroot.dic
bedingfield	B|1Di~FEjDp	enuroot.dic
begathon	B|1GaX@N	enuroot.dic
behistun	BEdiST@1N	enuroot.dic
bejeweled	BeYe1W@jDp	enuroot.dic
belarus	B|Lk@1S	enuroot.dic
belcalis	BejKoj|1S	enuroot.dic
belemnite	B|1LeMNITp	enuroot.dic
belichick	B|1LiCsiKp	enuroot.dic
belletrist	Bej|1CsR|STp	enuroot.dic
belowdecks	B|Lfte1KS	enuroot.dic
belukar	Bej|1Kr	enuroot.dic
bematist	B|1Mat|STp	enuroot.dic
bemyeyes	B|MIYE1Z	enuroot.dic
benazir	B|1NaZ3	enuroot.dic
bendigo	Be1NDEGO	enuroot.dic
beneba	B|1NeB@	enuroot.dic
benfica	BeNF|1K@	enuroot.dic
bengalan	Be~G@1j@N	enuroot.dic
benhayon	BeNdA1Y@N	enuroot.dic
benison	B|1NiS@N	enuroot.dic
benzema	Be1NZeM@	enuroot.dic
benzhydrol	BeNSHI1JzR@j	enuroot.dic
benzpyrene	Be2NSP|1REN	enuroot.dic
benztropine	BeNSTR|1P|N	enuroot.dic
beograd	BEY|1GR@Dp	enuroot.dic
berenson	B|1ReNS@N	enuroot.dic
berenstain	B|1ReNST@N	enuroot.dic
bergamasque	B312G@MaSKp	enuroot.dic
bergamo	B31GoMO	enuroot.dic
bergmannite	B31GMaNITp	enuroot.dic
berkeleian	B31KejY@N	enuroot.dic
berkeleyan	B31KEjY@N	enuroot.dic
bermondsey	B31MoNDSE	enuroot.dic
bertillon	B3Tij@1N	enuroot.dic
bessemer	B|1SEM3	enuroot.dic
betacam	B|1TaK@M	enuroot.dic
betacord	B|1TaK3Dp	enuroot.dic
betafite	B|1TAFITp	enuroot.dic
betamax	B|1TaMaKS	enuroot.dic
betashares	B|1Tas3Z	enuroot.dic
betternet	B|1T3N|Tp	enuroot.dic
beworship	BU31siPp	enuroot.dic
bezoses	B|1ZOZ|Z	enuroot.dic
bhikshuni	B|1KsbNE	enuroot.dic
bhikshunis	B|1KsbN|S	enuroot.dic
bhojpuri	By1PcE	enuroot.dic
bialik	BIY|1jiKp	enuroot.dic
bialy	BIY|1jE	enuroot.dic
biathlete	BI2Y@1XLETp	enuroot.dic
bibimbap	B|1BiMB@Pp	enuroot.dic
biblesplain	B|1BLeSPL@N	enuroot.dic
bibovine	BiB|1V|N	enuroot.dic
bichloride	BiKL31IDp	enuroot.dic
bicleavage	BiKLE1V|Jz	enuroot.dic
bicluster	BiKL@1ST3	enuroot.dic
biconvex	B|KoNVe1KS	enuroot.dic
bicristate	BiKR|1STATp	enuroot.dic
bicrural	BiKR31R@j	enuroot.dic
bidentate	Bit|1NTATp	enuroot.dic
bidonville	BIt@NVi1j	enuroot.dic
bierkeller	B41Kej3	enuroot.dic
bifida	B|1FEt@	enuroot.dic
bifilar	BiF@1j3	enuroot.dic
biflorate	BiFL31ATp	enuroot.dic
biflorous	BiFL31@S	enuroot.dic
bifocal	BiF|1K@j	enuroot.dic
biforate	BiF31ATp	enuroot.dic
bifronted	BIFRv1NT|Dp	enuroot.dic
bigarade	Bi12G|RADp	enuroot.dic
bigarreau	BE12G@RO	enuroot.dic
bigender	BiJz|1ND3	enuroot.dic
biguanide	BiGWo1NIDp	enuroot.dic
bikinied	BiK|1NEDp	enuroot.dic
bilboquet	BijB|KW|1Tp	enuroot.dic
bilobate	Bij|1BATp	enuroot.dic
bimatrix	BiM@1CsRiKS	enuroot.dic
bimester	BiM|1ST3	enuroot.dic
biminis	B|1MiN|S	enuroot.dic
binasal	BiN@1Z|j	enuroot.dic
binclusive	Bi~KL|1S|V	enuroot.dic
bindlestiff	B|1NDLeST|F	enuroot.dic
binervate	BiN31VATp	enuroot.dic
binturong	BiNCs31o~p	enuroot.dic
bioblast	BI1YoBL@STp	enuroot.dic
bioblasts	BI1YoBL@STS	enuroot.dic
bioclast	BI1YoKL@STp	enuroot.dic
bioclasts	BI1YoKL@STS	enuroot.dic
bioflick	BI1YoFLiKp	enuroot.dic
bioflicks	BI1YoFLiKS	enuroot.dic
biogas	BI1YOG@Z	enuroot.dic
biopic	BI1YoP|Kp	enuroot.dic
biopics	BI1YoP|KS	enuroot.dic
bioplast	BI1YoPL@STp	enuroot.dic
bioplasts	BI1YoPL@STS	enuroot.dic
bioshock	BI1YosoKp	enuroot.dic
biostrome	BI1YoSTROM	enuroot.dic
biostromes	BI1YoSTROMZ	enuroot.dic
biquadrate	BiKWo1JzRATp	enuroot.dic
biramous	B4R@1M@S	enuroot.dic
birtwistle	B31TWiS@j	enuroot.dic
bisayan	BiZA1Y@N	enuroot.dic
biscutate	BiSKY|1TATp	enuroot.dic
bisegment	BiZe1GM|NTp	enuroot.dic
biseptate	BiZ|1PTATp	enuroot.dic
biserrate	BiZ31ATp	enuroot.dic
bisetous	BiZ|1t@S	enuroot.dic
bishopric	B|1soPR|Kp	enuroot.dic
bisitun	BiZ|T@1N	enuroot.dic
bisphenol	BiSF|1N@j	enuroot.dic
bisphosphate	BiSF@1SFATp	enuroot.dic
bissauan	BiSf1@N	enuroot.dic
bistable	BiST@1B|j	enuroot.dic
bisulcate	Biz@1jKATp	enuroot.dic
bisulphate	BiZ@1jFATp	enuroot.dic
bisutun	Biz@T@1N	enuroot.dic
bitaurine	BiTg1R|N	enuroot.dic
bitbucket	B|1TBvK|Tp	enuroot.dic
bitcointalk	B|1TKyNTwKp	enuroot.dic
bitterbuck	B|1T3BvKp	enuroot.dic
bitumen	BiTb1M|N	enuroot.dic
biuret	BIY3|1Tp	enuroot.dic
biventer	BIV|1NT3	enuroot.dic
bivinyl	BiV|1N|j	enuroot.dic
bivocal	BiV|1K@j	enuroot.dic
bivoltine	BIV@1jTEN	enuroot.dic
bizonal	BiZ@1N@j	enuroot.dic
bladdernose	BL@1D3NOZ	enuroot.dic
blastemal	BLaST|1M@j	enuroot.dic
blastocele	BLa12ST|SEj	enuroot.dic
blastospore	BLa1SDoSPg	enuroot.dic
blatherskite	BL@1X3SKITp	enuroot.dic
blizzardy	BL|1ZrtE	enuroot.dic
bloemfontein	BLO1MFoNTIN	enuroot.dic
blondining	BLoNDE1N|~p	enuroot.dic
bobbinet	BoB|N|1Tp	enuroot.dic
bobolee	Bo12B|jE	enuroot.dic
bobotee	Bo2B|1TE	enuroot.dic
boboties	BoB|1tEZ	enuroot.dic
bodensee	Bo12t|NSE	enuroot.dic
bogdanich	BoGD|1N|Cs	enuroot.dic
bohemish	Bod|1M|s	enuroot.dic
boiserie	ByZ3E1	enuroot.dic
boiseries	ByZ3E1Z	enuroot.dic
boletus	Boj|1t@S	enuroot.dic
bolivar	Boj|1Vr	enuroot.dic
bolivares	Boj|1V3Z	enuroot.dic
bolognaise	B@LoGNA1Z	enuroot.dic
boloney	Boj|1NE	enuroot.dic
bolonus	Boj@1N@S	enuroot.dic
bombardon	BoMB31t@N	enuroot.dic
bombasted	BoMBa1ST|Dp	enuroot.dic
bombaster	BoMBa1ST3	enuroot.dic
bomboclaat	Bo1MBoKLoTp	enuroot.dic
bonasus	BoN@1S@S	enuroot.dic
bondsmithspren	Bo1NDSMiXSPR|N	enuroot.dic
bonhomie	BoNd|ME1	enuroot.dic
bonorum	BoN31@M	enuroot.dic
booboisie	BbByZE1	enuroot.dic
boomerslop	Bb1M3SL@Pp	enuroot.dic
boondoggle	Bb1NDwG|j	enuroot.dic
bordelaise	Bgt|jA1Z	enuroot.dic
boreas	B|1REY@Z	enuroot.dic
boruto	B@1RbtO	enuroot.dic
boswellian	BoZWe1jY@N	enuroot.dic
bothsidesing	BoXSI1DZ|~p	enuroot.dic
botrytis	BoCsR|1t|S	enuroot.dic
botswanan	BoTSWo1N@N	enuroot.dic
boucherville	Bb1sAVij	enuroot.dic
boucicault	Bb12S|KO	enuroot.dic
bougienage	BfJzEN|1Jz	enuroot.dic
bouginage	BfJz|N|1Jz	enuroot.dic
boulanger	Bfja~31	enuroot.dic
bouquiniste	BfKW|N|1STp	enuroot.dic
bourcicault	Bc12S|KO	enuroot.dic
bourguignonne	B3GiGN@1N	enuroot.dic
boutillier	BfTijY31	enuroot.dic
boutonneuse	BfToNY@1Z	enuroot.dic
bovinum	BoV|1N@M	enuroot.dic
bozoma	B@1ZOM@	enuroot.dic
brachyblast	BR|1CsiBL@STp	enuroot.dic
brachysm	BR|1CsiZ@M	enuroot.dic
brahmana	BR@1MaN@	enuroot.dic
brahmani	BR@1MoNE	enuroot.dic
brahmanis	BR@1MoN|S	enuroot.dic
breadbasket	BRe1DBaSK|Tp	enuroot.dic
bregmata	BRe1GMot@	enuroot.dic
bricolage	BRiK@j|1Jz	enuroot.dic
bridalveil	BR|1DajVEj	enuroot.dic
briscola	BR|1SGOj@	enuroot.dic
britishvolt	BR|1TisV@jTp	enuroot.dic
brobdingnag	BRo1BDi~NaGp	enuroot.dic
brochantite	BR|1CsaNTITp	enuroot.dic
brockhampton	BRoKH@1MPT@N	enuroot.dic
broderbund	BR@1D3B@NDp	enuroot.dic
brodesser	BRot|1S3	enuroot.dic
bromcresol	BRoMKR|1Z|j	enuroot.dic
bromphenol	BRoMF|1N@j	enuroot.dic
bronchocele	BRo12NCs|SEj	enuroot.dic
broughtupsy	BR@1TvPSE	enuroot.dic
brouhaha	BRf1dad@	enuroot.dic
bruneian	BRbNE1Y@N	enuroot.dic
brusquerie	BRvSKW3E1	enuroot.dic
bryanah	BRIY@1N@	enuroot.dic
buckeroo	BvK3b1	enuroot.dic
bucklandite	Bv1KLaNDITp	enuroot.dic
buffeter	B|1FAY3	enuroot.dic
bukharin	BvKH31|N	enuroot.dic
bulganin	BvjG|1N|N	enuroot.dic
bumbaclot	Bv1MBaKL@Tp	enuroot.dic
bumbershoot	Bv1MB3sbTp	enuroot.dic
bumboclaat	Bv1MBoKLoTp	enuroot.dic
bumfuzzle	Bv1MFvZ|j	enuroot.dic
bundesstaat	Bv1NDeSToTp	enuroot.dic
bundestag	Bv1NDeSTaGp	enuroot.dic
bundeswehr	Bv1NDeZW3	enuroot.dic
bungarus	Bv~G31@S	enuroot.dic
buraydah	BYcA1t@	enuroot.dic
burschenschaft	B31seNs@FTp	enuroot.dic
bushido	Bu1sEtO	enuroot.dic
bustier	BvSTEY31	enuroot.dic
buttonmash	B@1ToNM|s	enuroot.dic
buttonmold	B@1ToNM@jDp	enuroot.dic
buttonquail	B@1To~KWAj	enuroot.dic
bytearray	B|1T3A	enuroot.dic
bytownite	BiTf1NITp	enuroot.dic
caballing	KaBw1j|~p	enuroot.dic
cabbalah	KaB@1j@	enuroot.dic
cablese	KaBLeZE1	enuroot.dic
cacqueteuse	KaKW|Cs@1Z	enuroot.dic
cadaster	Kat@1ST3	enuroot.dic
cadherin	KaDd31|N	enuroot.dic
caducous	KaJz|1K@S	enuroot.dic
caerphilly	KkF|1LE	enuroot.dic
caesurae	KAz31A	enuroot.dic
caesural	KAz31R@j	enuroot.dic
caesuric	KAz31|Kp	enuroot.dic
calami	K@1LoME	enuroot.dic
callosal	Kaj@1Z|j	enuroot.dic
callosum	Kaj@1Z@M	enuroot.dic
calumny	K@1LvMNE	enuroot.dic
calvados	Ka1jVotOZ	enuroot.dic
calypter	Kaj|1PT3	enuroot.dic
calyptrate	Kaj|1PCsRATp	enuroot.dic
camalig	KaM|1jiGp	enuroot.dic
cambyses	KaMB|1Z|Z	enuroot.dic
cameroun	KaM3f1N	enuroot.dic
camogies	KaM|1JzEZ	enuroot.dic
campervan	Ka1MP3V@N	enuroot.dic
canaster	KaN@1ST3	enuroot.dic
cancelbot	Ka1NSejB@Tp	enuroot.dic
candida	Ka1NDEt@	enuroot.dic
candyfloss	Ka1NDiFL@S	enuroot.dic
caninus	KaN|1N@S	enuroot.dic
canistel	K|NiST@1j	enuroot.dic
canopus	KaN@1P@S	enuroot.dic
canorous	KaN31@S	enuroot.dic
cantorum	KaNT31@M	enuroot.dic
canzonet	KaNZ|N|1Tp	enuroot.dic
capitis	K@1PIt|S	enuroot.dic
capito	K|1PEtO	enuroot.dic
capriform	K@1PREFgM	enuroot.dic
carbromal	KrBR@1M@j	enuroot.dic
cardventure	KrDV|1NCs3	enuroot.dic
caribbee	Kk12|BE	enuroot.dic
caribee	Kk12|BE	enuroot.dic
carignan	K|RiGN@1N	enuroot.dic
carignane	K|RiGN@1N	enuroot.dic
carinae	Kk|1NA	enuroot.dic
caritas	K|1REt@Z	enuroot.dic
carmagnole	Kr1MaGNOj	enuroot.dic
carmalum	KrM@1j@M	enuroot.dic
carnosus	KrN@1S@S	enuroot.dic
carothers	Kkv1x3Z	enuroot.dic
carousal	Kk@1Z|j	enuroot.dic
carpospore	Kr1PoSPg	enuroot.dic
carpostome	Kr1PoSTOM	enuroot.dic
cartoony	KrTb1NE	enuroot.dic
caryopses	KrY@1PS|Z	enuroot.dic
caseharden	KA1SHrt|N	enuroot.dic
caseinate	KaZI1NATp	enuroot.dic
cassada	K@1Sot@	enuroot.dic
cassadee	Ka12S|DE	enuroot.dic
cassidee	Ka12S|DE	enuroot.dic
cassoulet	KaSfj|1Tp	enuroot.dic
castanet	KaST|N|1Tp	enuroot.dic
catafalque	Ka12t@FwKp	enuroot.dic
catarrhine	K|1Tkd|N	enuroot.dic
catchpenny	Ka1CsPeNE	enuroot.dic
catharses	KaX31S|Z	enuroot.dic
cathayan	KaXA1Y@N	enuroot.dic
cathedrae	KaX|1JzRA	enuroot.dic
cathedrales	KaX|1JzRAjZ	enuroot.dic
cathexes	KaXe1KS|Z	enuroot.dic
causatrix	KwZ@1CsRiKS	enuroot.dic
causerie	KwZ3E1	enuroot.dic
causeries	KwZ3E1Z	enuroot.dic
cavallard	K@1Vaj3Dp	enuroot.dic
cavally	KAV|1jE	enuroot.dic
cavalo	K@1VojO	enuroot.dic
cavea	K|1VEY@	enuroot.dic
caviezel	KaVE1Z|j	enuroot.dic
cavolo	K@1VOjO	enuroot.dic
cefaclor	S|1FaKL3	enuroot.dic
celebre	Sej|1B3	enuroot.dic
cembali	Se1MBojE	enuroot.dic
cembalis	Se1MBoj|S	enuroot.dic
cembalo	Se1MBojO	enuroot.dic
cenchreae	Se~KRE1YA	enuroot.dic
centesis	SeNT|1S|S	enuroot.dic
centimo	Se1NTEMO	enuroot.dic
centistoke	Se1NTiSTOKp	enuroot.dic
centroplast	Se1NCsRoPL@STp	enuroot.dic
cephaeline	SeFA1jIN	enuroot.dic
cephala	S|1Faj@	enuroot.dic
ceramal	Sk@1M@j	enuroot.dic
ceramist	Sk|1M|STp	enuroot.dic
cerebri	S|1ReBRE	enuroot.dic
cerumen	Skb1M|N	enuroot.dic
cesurae	Sez31A	enuroot.dic
cezary	SeZk1E	enuroot.dic
chadarim	Csat31|M	enuroot.dic
chaetognath	CsA1ToGN@X	enuroot.dic
chakari	Cs|1KoRE	enuroot.dic
chakaris	Cs|1KoR|S	enuroot.dic
chalamet	Cs@1LaM|Tp	enuroot.dic
chalazae	Csaj|1ZA	enuroot.dic
chalazal	Csaj@1Z|j	enuroot.dic
chaldean	CswjDE1Y@N	enuroot.dic
chalrestart	Csa1jReST3Tp	enumain.dic
chambellan	Csa1MBej@N	enuroot.dic
chamberlin	Csa1MB3j|N	enuroot.dic
chamizal	CsaM|Z|1j	enuroot.dic
chamonix	Cs@MoNi1KS	enuroot.dic
champagnize	CsaMP|1GNIZ	enuroot.dic
champollion	CsaMPojY@1N	enuroot.dic
chandrayaan	CsaNJzRAYo1N	enuroot.dic
chaparral	CsaP3R@1j	enuroot.dic
chapulin	CsaP|j|1N	enuroot.dic
charolais	Csk|jA1S	enuroot.dic
charolaise	Csk|jA1Z	enuroot.dic
charoset	CsrO1SeTp	enuroot.dic
charoseth	Csk|1Z|X	enuroot.dic
chasidim	CsaZ|1t|M	enuroot.dic
chassidim	CsaS|1t|M	enuroot.dic
chassignite	Cs|1SiGNITp	enuroot.dic
chatima	Cs|1TEM@	enuroot.dic
chatoyance	CsaTy1Y@NS	enuroot.dic
chatoyant	CsaTy1Y@NTp	enuroot.dic
chatterbait	Cs@1T3BATp	enuroot.dic
chatterbot	Cs@1T3B@Tp	enuroot.dic
chatterjee	Csa12t3JzE	enuroot.dic
chaulmoograte	CswjMb1GRATp	enuroot.dic
cheerio	K4REYO1	enuroot.dic
cheiloses	CsEjO1Z|Z	enuroot.dic
cheilostome	CsE1LoSTOM	enuroot.dic
chelyuskin	CsejYb1SKiN	enuroot.dic
chemoses	KeMO1Z|Z	enuroot.dic
chermoula	Cs3Mf1j@	enuroot.dic
chernihiv	Cs3N|1d|V	enuroot.dic
chernobyl	Cs3N@1B|j	enuroot.dic
chersonese	Cs312S|NEZ	enuroot.dic
chevelure	CseV@j31	enuroot.dic
chevronel	CseVR@N@1j	enuroot.dic
chiasm	CsI1YaZ@M	enuroot.dic
chiasmate	CsIY|1ZMATp	enuroot.dic
chicaric	Cs|1Kk|Kp	enuroot.dic
chicharron	CsiCs3@1N	enuroot.dic
chickaree	Csi12K|RE	enuroot.dic
chickenhawk	Cs|1KeNdwKp	enuroot.dic
chickenshit	Cs|1KeNs|Tp	enuroot.dic
chicopee	Csi12K|PE	enuroot.dic
chieftaincy	CsE1FTANSE	enuroot.dic
chigorin	CsIG31|N	enuroot.dic
childermass	Cs|1jD3M@S	enuroot.dic
chilognath	Cs|1LoGN@X	enuroot.dic
chilostome	Cs|1LoSTOM	enuroot.dic
chimaeroid	CsiMk1yDp	enuroot.dic
chimpanzoid	Cs|1MPaNZyDp	enuroot.dic
chindogu	CsiNDw1GYb	enuroot.dic
chinesey	CsiN|1ZE	enuroot.dic
chinonye	CsiN|1NE	enuroot.dic
chinookan	CsiNu1K@N	enuroot.dic
chipmunky	Cs|1PMv~KE	enuroot.dic
chirapsy	Cs|1RaPSE	enuroot.dic
chiroplast	Cs|1RoPL@STp	enuroot.dic
chiropter	Cs4R@1PT3	enuroot.dic
chisinau	CsiZ|Nf1	enuroot.dic
chivalrist	Cs|1VajR|STp	enuroot.dic
chiweenie	CsEWE1NE	enuroot.dic
chiweenies	CsEWE1NEZ	enuroot.dic
chlorguanide	KLgGWo1NIDp	enuroot.dic
chlorhydrate	KLgdI1JzRATp	enuroot.dic
chlorhydrin	KLgdI1JzR|N	enuroot.dic
chloroplast	KL@1RoPL@STp	enuroot.dic
chloroses	KLgRO1Z|Z	enuroot.dic
chlorpicrin	KLgP|1KR|N	enuroot.dic
choana	CsO1aN@	enuroot.dic
cholacrol	Csoj|1KR@j	enuroot.dic
cholanthrene	Cso2j@1NXREN	enuroot.dic
choleric	Cs|1Lk|Kp	enuroot.dic
chollima	Cs|1jEM@	enuroot.dic
cholula	Csoj@1j@	enuroot.dic
chondroblast	Cso1NJzRoBL@STp	enuroot.dic
chondroclast	Cso1NJzRoKL@STp	enuroot.dic
chondroplast	Cso1NJzRoPL@STp	enuroot.dic
chondroses	CsoNJzRO1Z|Z	enuroot.dic
choplogic	Cso1PLoJz|Kp	enuroot.dic
choragus	KgR|1G@S	enuroot.dic
chorazin	KgR|1Z|N	enuroot.dic
chordata	KgDA1t@	enuroot.dic
choregus	KgR|1G@S	enuroot.dic
chorismate	KgR|1ZMATp	enuroot.dic
choristate	KgR|1STATp	enuroot.dic
chornobyl	KgN@1B|j	enuroot.dic
chromaffin	KR@1MaF|N	enuroot.dic
chromoblast	KR@1MoBL@STp	enuroot.dic
chromoplast	KR@1MoPL@STp	enuroot.dic
chronaxie	KR@1NaKSE	enuroot.dic
chronaxy	KR@1NaKSE	enuroot.dic
chrysochlore	KR|1ZoKLg	enuroot.dic
chrysosplene	KRi12Z@SPLEN	enuroot.dic
chrysostom	KR|1ZoST@M	enuroot.dic
chthulucene	CsXb12j|SEN	enuroot.dic
chuckwalla	Csb1KWwj@	enuroot.dic
churidar	Csc|tr1	enuroot.dic
chylocele	Csi12j|SEj	enuroot.dic
chyloses	CsijO1Z|Z	enuroot.dic
cicadae	SiK|1tA	enuroot.dic
cigaret	SiG3|1Tp	enuroot.dic
cilegon	Sij|1G@N	enuroot.dic
ciphertext	S|1F3TeKSTp	enuroot.dic
circumfix	S312K|MFiKS	enuroot.dic
circumscribe	S312K@MSKRIBp	enuroot.dic
circumstant	S312K@MSDaNTp	enuroot.dic
cirrhoses	S3dO1Z|Z	enuroot.dic
cirripede	S312|PEDp	enuroot.dic
cirrostome	S@1RoSTOM	enuroot.dic
cirsocele	S312S|SEj	enuroot.dic
cisgender	SiZJz|1ND3	enuroot.dic
cislunar	SiZL@1Nr	enuroot.dic
cithaeron	SiXk1@N	enuroot.dic
cithara	Cs|1Xr@	enuroot.dic
citrinin	SiCsR|1N|N	enuroot.dic
civitas	S|1VEt@Z	enuroot.dic
clafouti	KL@FbtE1	enuroot.dic
clafoutis	KL@Fbt|1S	enuroot.dic
clairvoyance	KLkVy1Y@NS	enuroot.dic
classici	KL|1SESE	enuroot.dic
clearchus	KLEYr1K@S	enuroot.dic
clearheaded	KL4de1t|Dp	enuroot.dic
clepsydra	KLe1PSiJzR@	enuroot.dic
clinochlore	KL|1NoKLg	enuroot.dic
clinoclase	KL|1NoKL@S	enuroot.dic
clofibrate	KLoF|1BRATp	enuroot.dic
clomiphene	KLo12M|FEN	enuroot.dic
cloverbit	KL@1V3B|Tp	enuroot.dic
clusterfuck	KLv1SD3FvKp	enuroot.dic
clysmata	KL|1ZMot@	enuroot.dic
cnidoblast	KN|1DoBL@STp	enuroot.dic
coalite	KO1AjITp	enuroot.dic
coappear	KOPEY31	enuroot.dic
coauthor	KOw1x3	enuroot.dic
cobaltine	KoB@1jTEN	enuroot.dic
cobwebby	Ko1BWeBE	enuroot.dic
cocainise	KoKA1N|Z	enuroot.dic
cocainist	KoKA1N|STp	enuroot.dic
cocainize	KoKA1NIZ	enuroot.dic
cocaptain	K|1KaPT@N	enuroot.dic
cochairman	KoCsk1M@N	enuroot.dic
cochairmen	KoCsk1M|N	enuroot.dic
cochineal	K|1CsiNEl	enuroot.dic
cockateel	KoK|tE1j	enuroot.dic
cocreate	KoKREYA1Tp	enuroot.dic
coculture	KoK@1jCs3	enuroot.dic
cocurate	KoKY31ATp	enuroot.dic
cocytus	KoS|1t@S	enuroot.dic
codesign	Kot|Z|1N	enuroot.dic
codirect	Kot3e1KTp	enuroot.dic
codriven	KoJzR|1V|N	enuroot.dic
coenure	KO1eNY3	enuroot.dic
cofinance	KoF|1N@NS	enuroot.dic
cofunction	K@1Fv~Ks@N	enuroot.dic
cogito	KO1JzEtO	enuroot.dic
cognomen	KoGNO1M|N	enuroot.dic
cognovit	KoGN|1V|Tp	enuroot.dic
cohenite	K|1dENITp	enuroot.dic
cohosted	K@1dOST|Dp	enuroot.dic
cohosting	K@1dOST|~p	enuroot.dic
cojuror	KoJz313	enuroot.dic
collenchyme	K|1LeNCs|M	enuroot.dic
colloblast	K@1LoBL@STp	enuroot.dic
collusive	Koj|1S|V	enuroot.dic
colocate	Koj|1KATp	enuroot.dic
colombard	K@1LoMB3Dp	enuroot.dic
colonus	Koj@1N@S	enuroot.dic
colourbreed	K@1LgBREDp	enuroot.dic
colourfast	K@1LgF@STp	enuroot.dic
colourmax	K@1LgMaKS	enuroot.dic
colpindach	KO1jPiNDaKp	enuroot.dic
colpocele	KO12jP|SEj	enuroot.dic
colportage	KO1jPgt|Jz	enuroot.dic
colporteur	KO1jPgCs3	enuroot.dic
coltpixie	KO1jTPiKSE	enuroot.dic
coltpixy	KO1jTPiKSE	enuroot.dic
comaker	KoMA1K3	enuroot.dic
comanage	KoM|1N|Jz	enuroot.dic
comanches	KoM@1NCs|Z	enuroot.dic
comedo	KO1MAtO	enuroot.dic
comember	KoM|1MB3	enuroot.dic
comfobud	K@1MFoB@Dp	enuroot.dic
comintern	K|1MiNT3N	enuroot.dic
commandant	K@1MaND@NTp	enuroot.dic
commeline	K|1MEjIN	enuroot.dic
commissure	K|1Mis3	enuroot.dic
commonsense	K@MoNS|1NS	enuroot.dic
communard	K|1MUN3Dp	enuroot.dic
communise	K|1MUN|Z	enuroot.dic
communize	K|1MUNIZ	enuroot.dic
comnenus	KoMN|1N@S	enuroot.dic
comoros	K@1MgROZ	enuroot.dic
companage	K@1MPaN|Jz	enuroot.dic
compazine	K@1MPaZ|N	enuroot.dic
comprador	K|MPRAt31	enuroot.dic
compradore	K@MPRatg1	enuroot.dic
conatus	KoN@1t@S	enuroot.dic
concacaf	K@1~KaK@F	enuroot.dic
concaver	Ko1~KAV3	enuroot.dic
concenter	KoNS|1NT3	enuroot.dic
concertize	K@1NS3TIZ	enuroot.dic
conchobar	KoNCs@1Br	enuroot.dic
concordat	Ko~K31taTp	enuroot.dic
concreting	Ko~KR|1t|~p	enuroot.dic
concretist	Ko~KR|1t|STp	enuroot.dic
concretive	Ko~KR|1t|V	enuroot.dic
concretor	Ko~KR|1t3	enuroot.dic
concretum	Ko~KR|1t@M	enuroot.dic
concubine	K|1~KUB|N	enuroot.dic
condolent	KoND|1j|NTp	enuroot.dic
conetoe	KoN|1tO	enuroot.dic
congaree	Ko12~G|RE	enuroot.dic
congii	K|1NJzEYE	enuroot.dic
congius	K@1NJzIY@S	enuroot.dic
conglobate	Ko~GL|1BATp	enuroot.dic
conhydrine	KoNdI1JzR|N	enuroot.dic
connivence	KoN|1V|NS	enuroot.dic
connivent	KoN|1V|NTp	enuroot.dic
conoco	KO1NOKO	enuroot.dic
constantan	K@1NSDaNT@N	enuroot.dic
contradance	K@1NCsRat@NS	enuroot.dic
contradanse	K@1NCsRat@NS	enuroot.dic
contraflow	K@1NCsRaFLO	enuroot.dic
contraflows	K@1NCsRaFLOZ	enuroot.dic
contranym	K@1NCsRaN|M	enuroot.dic
contranyms	K@1NCsRaN|MZ	enuroot.dic
contraplete	Ko12NCsRaPLETp	enuroot.dic
contrapletes	Ko12NCsRaPLETS	enuroot.dic
contraplex	K@1NCsRaPLeKS	enuroot.dic
contraprop	K@1NCsRaPR@Pp	enuroot.dic
contraprops	K@1NCsRaPR@PS	enuroot.dic
contrapunct	K@1NCsRaPv~KTp	enuroot.dic
contrapuncts	K@1NCsRaPv~KTS	enuroot.dic
contrasty	K@1NCsRaSTE	enuroot.dic
contredance	K|1NCsRet@NS	enuroot.dic
contredanse	K|1NCsRet@NS	enuroot.dic
contretemps	K|1NCsRet|MPS	enuroot.dic
coparent	KoP31|NTp	enuroot.dic
coparty	KoP31tE	enuroot.dic
copihue	KoP|1dYb	enuroot.dic
coplanar	KoPL@1Nr	enuroot.dic
coplowing	KoPLO1|~p	enuroot.dic
copperas	K|1Pk@Z	enuroot.dic
coppola	K@1POj@	enuroot.dic
copresence	KoPR|1Z|NS	enuroot.dic
copresent	KoPR|Z|1NTp	enuroot.dic
copublish	KoP@1BL|s	enuroot.dic
copyfraud	K|1PiFRwDp	enuroot.dic
coquettish	KoKW|1t|s	enuroot.dic
corbelling	Kg1Bej|~p	enuroot.dic
coreinfo	K@1RINFO	enuroot.dic
corenswet	K|1ReNSW|Tp	enuroot.dic
cornichon	KgN|Cs@1N	enuroot.dic
cornua	Kg1Nb@	enuroot.dic
cornuted	KgNYb1t|Dp	enuroot.dic
corollate	KgR|1jATp	enuroot.dic
coronae	KgR|1NA	enuroot.dic
coroplast	K@1RoPL@STp	enuroot.dic
corotate	KgR|1TATp	enuroot.dic
cortexone	Kg1TeKSON	enuroot.dic
cortlandtite	Kg1qLaNDTITp	enuroot.dic
corviknight	Kg1ViKNITp	enuroot.dic
corymbose	K|1RiMBOZ	enuroot.dic
coryzal	KgR|1Z|j	enuroot.dic
cosecant	KoZ|1K@NTp	enuroot.dic
cosigner	KoZ|1GN3	enuroot.dic
cosigners	KoZ|1GN3Z	enuroot.dic
cosimo	KO1ZEMO	enuroot.dic
cosmesis	KoZM|1S|S	enuroot.dic
cosori	KO1ZgRE	enuroot.dic
cosponsor	KoSP@1NS3	enuroot.dic
cosponsors	KoSP@1NS3Z	enuroot.dic
costarum	KoST31@M	enuroot.dic
cotillard	K|Tij31Dp	enuroot.dic
cotransduce	K@CsRaNZJz@1S	enuroot.dic
cotransfer	KoCsRa1NSF3	enuroot.dic
cotranslate	KoCsRa1NZLATp	enuroot.dic
cotransport	KoCsR@1NSPgTp	enuroot.dic
counterbid	Kf12NT3BiDp	enuroot.dic
counterbids	Kf12NT3BiDZ	enuroot.dic
counterblast	Kf12NT3BLaSTp	enuroot.dic
counterblasts	Kf12NT3BLaSTS	enuroot.dic
counterblow	Kf12NT3BLO	enuroot.dic
counterblows	Kf12NT3BLOZ	enuroot.dic
counterbond	Kf12NT3BoNDp	enuroot.dic
counterbonds	Kf12NT3BoNDZ	enuroot.dic
counterboy	Kf12NT3By	enuroot.dic
counterboys	Kf12NT3ByZ	enuroot.dic
counterchange	Kf12NT3CsANJz	enuroot.dic
counterchanged	Kf12NT3Csa~Dp	enuroot.dic
countercharge	Kf12NT3CsrJz	enuroot.dic
countercharged	Kf12NT3CsrJzDp	enuroot.dic
countercheck	Kf12NT3CseKp	enuroot.dic
counterchecked	Kf12NT3CseKTp	enuroot.dic
counterchecks	Kf12NT3CseKS	enuroot.dic
counterclaim	Kf12NT3KLAM	enuroot.dic
counterclaimed	Kf12NT3KLAMDp	enuroot.dic
counterclaims	Kf12NT3KLAMZ	enuroot.dic
countercoup	Kf12NT3Kb	enuroot.dic
countercoups	Kf12NT3KbZ	enuroot.dic
counterearth	Kf12NT33X	enuroot.dic
counterflow	Kf12NT3FLO	enuroot.dic
counterflows	Kf12NT3FLOZ	enuroot.dic
counterfoil	Kf12NT3Fyl	enuroot.dic
counterfoils	Kf12NT3FyjZ	enuroot.dic
counterforce	Kf12NT3FgS	enuroot.dic
counterfort	Kf12NT3FgTp	enuroot.dic
counterforts	Kf12NT3FgTS	enuroot.dic
counterglow	Kf12NT3GLO	enuroot.dic
counterglows	Kf12NT3GLOZ	enuroot.dic
countermand	Kf12NT3MaNDp	enuroot.dic
countermarch	Kf12NT3MrCs	enuroot.dic
countermarched	Kf12NT3MrCsTp	enuroot.dic
counterpane	Kf12NT3PAN	enuroot.dic
counterpanes	Kf12NT3PANZ	enuroot.dic
counterplan	Kf12NT3PLaN	enuroot.dic
counterplans	Kf12NT3PLaNZ	enuroot.dic
counterplay	Kf12NT3PLA	enuroot.dic
counterplays	Kf12NT3PLAZ	enuroot.dic
counterplea	Kf12NT3PLE	enuroot.dic
counterpleas	Kf12NT3PLEZ	enuroot.dic
counterplot	Kf12NT3PLoTp	enuroot.dic
counterplots	Kf12NT3PLoTS	enuroot.dic
counterpoise	Kf12NT3PyZ	enuroot.dic
counterpoised	Kf12NT3PyZDp	enuroot.dic
counterpunch	Kf12NT3PvNCs	enuroot.dic
counterpunched	Kf12NT3PvNCsTp	enuroot.dic
counterraid	Kf12NT|RADp	enuroot.dic
counterraids	Kf12NT|RADZ	enuroot.dic
countershaft	Kf12NT3saFTp	enuroot.dic
countershafts	Kf12NT3saFTS	enuroot.dic
countersign	Kf12NT3SIN	enuroot.dic
countersigned	Kf12NT3SINDp	enuroot.dic
countersigns	Kf12NT3SINZ	enuroot.dic
countersink	Kf12NT3Si~Kp	enuroot.dic
countersinks	Kf12NT3Si~KS	enuroot.dic
counterstain	Kf12NT3SDAN	enuroot.dic
counterstep	Kf12NT3SDePp	enuroot.dic
countersteps	Kf12NT3SDePS	enuroot.dic
counterstream	Kf12NT3STREM	enuroot.dic
counterstreams	Kf12NT3STREMZ	enuroot.dic
counterstrike	Kf12NT3STRIKp	enuroot.dic
counterstrikes	Kf12NT3STRIKS	enuroot.dic
counterstroke	Kf12NT3STROKp	enuroot.dic
counterstrokes	Kf12NT3STROKS	enuroot.dic
countersue	Kf12NT3Sb	enuroot.dic
countersued	Kf12NT3SbDp	enuroot.dic
countersues	Kf12NT3SbZ	enuroot.dic
countersunk	Kf12NT3Sv~Kp	enuroot.dic
countertrade	Kf12NT3CsRADp	enuroot.dic
countertrades	Kf12NT3CsRADZ	enuroot.dic
countertrend	Kf12NT3CsReNDp	enuroot.dic
countertrends	Kf12NT3CsReNDZ	enuroot.dic
counterturn	Kf12NT3T3N	enuroot.dic
counterturns	Kf12NT3T3NZ	enuroot.dic
countertype	Kf12NT3TIPp	enuroot.dic
countertypes	Kf12NT3TIPS	enuroot.dic
couplesmax	Kf1PLeZMaKS	enuroot.dic
couvelaire	KfV|jk1	enuroot.dic
covary	KvVk1E	enuroot.dic
covelline	KvV@1jIN	enuroot.dic
coverchief	K@1V3CsEF	enuroot.dic
coverpage	K@1V3P|Jz	enuroot.dic
coverslip	K@1V3SL|Pp	enuroot.dic
coverslut	K@1V3SL@Tp	enuroot.dic
cowinner	Kf|1N3	enuroot.dic
coxcombry	Ko1KSGoMBRE	enuroot.dic
crawdaddy	KR@1DatE	enuroot.dic
crazyscan	KR|1ZiSK@N	enuroot.dic
creditsend	KR|1DiTS|NDp	enumain.dic
cremaster	KReMa1ST3	enuroot.dic
cressida	KR|1SEt@	enuroot.dic
crevasses	KReV|1S|Z	enuroot.dic
cribrosae	KRiBR|1ZA	enuroot.dic
cricetid	KRiS|1t|Dp	enuroot.dic
cricetus	KRiS|1t@S	enuroot.dic
criosphinx	KRI1YoSF|~KS	enuroot.dic
cristobal	KRiST@1B|j	enuroot.dic
crookesian	KRu1KEz@N	enuroot.dic
croquembouche	KR|KWeMBf1Cs	enuroot.dic
croquignole	KR|1KWiGNOj	enuroot.dic
crotala	KR@1Taj@	enuroot.dic
crumenam	KRbM|1N@M	enuroot.dic
cryptoblast	KR|1PToBL@STp	enuroot.dic
cryptotrade	KRi12PT@CsRADp	enuroot.dic
crystallo	KR|1SDajO	enuroot.dic
cubiti	Kb1BEtE	enuroot.dic
cuchulain	KUCs@1j@N	enuroot.dic
cuchulainn	KUCs|1jAN	enuroot.dic
cuisenaire	KbZ|Nk1	enuroot.dic
cumberbatch	Kv1MB3B@Cs	enuroot.dic
cumberbund	Kv1MB3B@NDp	enuroot.dic
cumuli	KY@1MbjE	enuroot.dic
curarine	KYc31|N	enuroot.dic
curarize	KYc31IZ	enuroot.dic
curassow	KY@1RaSO	enuroot.dic
curatrix	KYc@1CsRiKS	enuroot.dic
curettage	KY|Ret|1Jz	enuroot.dic
custardy	Kv1SDrtE	enuroot.dic
cyclamic	S|1KLaM|Kp	enuroot.dic
cycloses	SiKLO1Z|Z	enuroot.dic
cyclostome	S|1KLoSTOM	enuroot.dic
cyesis	SIY|1S|S	enuroot.dic
cynoclept	S|1NoKL|PTp	enuroot.dic
cypherpunk	S|1F3Pv~Kp	enuroot.dic
cypsela	S|1PSej@	enuroot.dic
cyrano	S|1RoNO	enuroot.dic
cyrtoses	S3tO1Z|Z	enuroot.dic
cysteic	S|1SDEY|Kp	enuroot.dic
cystocele	Si12ST|SEj	enuroot.dic
cystoplast	S|1SDoPL@STp	enuroot.dic
cytoblast	S|1ToBL@STp	enuroot.dic
cytoplast	S|1ToPL@STp	enuroot.dic
cytostome	S|1ToSTOM	enuroot.dic
daenerys	DAN31EZ	enuroot.dic
dagestan	D|JzeST@1N	enuroot.dic
daghestan	D|GeST@1N	enuroot.dic
dagoba	D|1GOB@	enuroot.dic
dahoman	DodO1M@N	enuroot.dic
daiboukenn	DABf1K|N	enuroot.dic
daiquiris	DA1KW3|S	enuroot.dic
daisaku	DAZ|1KYb	enuroot.dic
dakrivhexe	Da12KR|VdEKS	enuroot.dic
dalilah	Daj@1j@	enuroot.dic
damascened	D@1MaS|NDp	enuroot.dic
damasquine	D@MaSKW|1N	enuroot.dic
damosel	DaM@Z|1j	enuroot.dic
damozel	DaM@Z|1j	enuroot.dic
dancercise	Da1NS3S|Z	enuroot.dic
darius	DkE1Y@S	enuroot.dic
darjeeling	DrJzE1j|~p	enuroot.dic
dasima	D|1ZEM@	enuroot.dic
dauphinois	DwF|Ny1S	enuroot.dic
dauphinoise	DwF|Ny1Z	enuroot.dic
deaerate	DEYk1ATp	enuroot.dic
debian	D|1BIY@N	enuroot.dic
debita	D|1BEt@	enuroot.dic
debitter	DeB|1t3	enuroot.dic
debonaire	D|BoNk1	enuroot.dic
debonnaire	D|BoNk1	enuroot.dic
debouchure	D|BfCs31	enuroot.dic
debusscope	D|1BvSKOPp	enuroot.dic
debussy	D|BvSE1	enuroot.dic
decacorn	D|1KaK3N	enuroot.dic
decadist	D|1Kat|STp	enuroot.dic
decadrachm	D|1KaJzR|CsM	enuroot.dic
decadron	D|1KaJzR@N	enuroot.dic
decagon	D|1KaG@N	enuroot.dic
decagram	D|1KaGRaM	enuroot.dic
decagramme	D|1KaGR@M	enuroot.dic
decalage	D|Kaj|1Jz	enuroot.dic
decalet	D|1Kaj|Tp	enuroot.dic
decarchy	D|1KrCsE	enuroot.dic
decastich	D|1KaST|Cs	enuroot.dic
decathect	D|KaXe1KTp	enuroot.dic
decemplex	D|1SeMPLeKS	enuroot.dic
decenter	DES|1NT3	enuroot.dic
dechenite	D|1CsENITp	enuroot.dic
decigramme	D|1SiGR@M	enuroot.dic
decius	D|1SIY@S	enuroot.dic
decollate	DeK|1jATp	enuroot.dic
decoupage	D|KfP|1Jz	enuroot.dic
decrater	DeKRA1t3	enuroot.dic
decuple	D|1KUP|j	enuroot.dic
decuplet	D|1KvPL|Tp	enuroot.dic
decuply	D|1KvPLE	enuroot.dic
dedalus	D|1DAj@S	enuroot.dic
dederer	D|1D33	enuroot.dic
deescalate	DESK|1jATp	enuroot.dic
defalcate	DeF@1jKATp	enuroot.dic
defervesce	D|F3V|1S	enuroot.dic
defibrate	DeF|1BRATp	enuroot.dic
defilade	De12F|LADp	enuroot.dic
defilades	De12F|LADZ	enuroot.dic
deglutate	DeGL|1TATp	enuroot.dic
degustate	DeG@1STATp	enuroot.dic
dehuman	DedYb1M@N	enuroot.dic
dekadrachm	D|1KaJzR|CsM	enuroot.dic
dekagram	D|1KaGRaM	enuroot.dic
dekarchy	D|1KrCsE	enuroot.dic
delacour	D|LaK31	enuroot.dic
delectate	Dej|1KTATp	enuroot.dic
delevingne	D|LeVi1~N	enuroot.dic
delirate	Dej31ATp	enuroot.dic
delphinine	De1jFiN|N	enuroot.dic
deltacron	De1jTaKR@N	enuroot.dic
deluser	D|1LbZ3	enuroot.dic
demagoged	D|1MaGOJzDp	enuroot.dic
demandeur	D|MaNJz31	enuroot.dic
demarchy	D|1MrCsE	enuroot.dic
demaree	De12M|RE	enuroot.dic
demipique	De12M|PEKp	enuroot.dic
demoscene	De12M|SEN	enuroot.dic
demosponge	D|1MoSP@NJz	enuroot.dic
demotist	D|1Mot|STp	enuroot.dic
demozoo	D|1MoZb	enuroot.dic
demyship	DEME1siPp	enuroot.dic
denary	D|1NkE	enuroot.dic
dendroglyph	De1NJzRoGL|F	enuroot.dic
denervate	DeN31VATp	enuroot.dic
denudate	DeNY|1DATp	enuroot.dic
deobstruct	DEYoBSTRv1KTp	enuroot.dic
depakote	D|1PaKOTp	enuroot.dic
deplatform	DePLa1TFgM	enuroot.dic
deplumate	DePL|1MATp	enuroot.dic
deprescribe	D|PReSKR|1Bp	enuroot.dic
derepress	D|RePR|1S	enuroot.dic
dermoblast	D31MoBL@STp	enuroot.dic
derrida	D|1REt@	enuroot.dic
dervilla	D31Vij@	enuroot.dic
derzhavin	D3z|1V|N	enuroot.dic
descemet	D|1SeM|Tp	enuroot.dic
descendeur	D|SeNJz31	enuroot.dic
deschanel	D|saN@1j	enuroot.dic
descloizite	DeSKLy1ZITp	enuroot.dic
deseret	D|Zk|1Tp	enuroot.dic
deshabille	D|saB|1j	enuroot.dic
desmodont	D|1SMot@NTp	enuroot.dic
desmolase	D|1SMoj@S	enuroot.dic
desmosome	D|1SMOSvM	enuroot.dic
desmotrope	D|1SMoCsROPp	enuroot.dic
detemir	D|1TeM3	enuroot.dic
deturice	D|1Tc|S	enuroot.dic
deurmekaar	DcM|Kr1	enuroot.dic
devereux	D|1VkbKS	enuroot.dic
devilet	D|1Vij|Tp	enuroot.dic
devilkin	D|1VijK|N	enuroot.dic
dewanee	DE2Wo1NE	enuroot.dic
dewater	DbA1t3	enuroot.dic
dexedrine	D|1KSeJzR|N	enuroot.dic
dhivehi	D|1VedE	enuroot.dic
diable	DIY@1B|j	enuroot.dic
diacid	DIY|1S|Dp	enuroot.dic
diactine	DIY|1KTEN	enuroot.dic
diaglyph	DI1YaGL|F	enuroot.dic
diagnost	DI1YaGN@STp	enuroot.dic
dialpad	DI1YajP@Dp	enuroot.dic
diarchal	DIYr1K@j	enuroot.dic
diarchic	DIYr1K|Kp	enuroot.dic
diaspore	DI1YaSPg	enuroot.dic
diastase	DI1YaST@S	enuroot.dic
diastem	DI1YaST|M	enuroot.dic
diaster	DIY@1ST3	enuroot.dic
diastyle	DI1YaST@j	enuroot.dic
dibromide	DiBR@1MIDp	enuroot.dic
dibucaine	DiBY|1K@N	enuroot.dic
dichloride	DiKL31IDp	enuroot.dic
dichromat	DiKR@1MaTp	enuroot.dic
diclinous	DiKL|1N@S	enuroot.dic
dicliny	DiKL|1NE	enuroot.dic
diddlyshit	D|1DLis|Tp	enuroot.dic
didier	D|1tEYA	enuroot.dic
didymo	D|1DiMO	enuroot.dic
dieses	DE1YeZEZ	enuroot.dic
diester	DIY|1ST3	enuroot.dic
difficile	DiF|S@1j	enuroot.dic
diffusant	DiFY@1Z@NTp	enuroot.dic
diffusate	DiFY|1ZATp	enuroot.dic
diffusive	DiFY|1S|V	enuroot.dic
diflucan	DiFL|1K@N	enuroot.dic
digestif	D|JzeST|1F	enuroot.dic
digiheal	D|1JzidEl	enuroot.dic
digiti	D|1JzEtE	enuroot.dic
digivolve	DiJz|V@1jV	enuroot.dic
dihedral	Did|1JzR@j	enuroot.dic
dihedron	Did|1JzR@N	enuroot.dic
dihybrid	Did|1BR|Dp	enuroot.dic
dihydrate	DIdI1JzRATp	enuroot.dic
dihydrite	DIdI1JzRITp	enuroot.dic
diketone	DiK|1TON	enuroot.dic
dilatant	Dij@1t@NTp	enuroot.dic
dilaudid	Dijw1t|Dp	enuroot.dic
dilutive	Dij|1t|V	enuroot.dic
dimethyl	DiM|1X@j	enuroot.dic
dimitris	DiM|1CsR|S	enuroot.dic
dinitrile	DiN|1CsR@j	enuroot.dic
dinothere	Di12N|X4	enuroot.dic
diocese	DI12Y|SEZ	enuroot.dic
diopside	DIY@1PSIDp	enuroot.dic
diopter	DIY@1PT3	enuroot.dic
diphenan	DiF|1N@N	enuroot.dic
diploses	DiPLO1Z|Z	enuroot.dic
dipropyl	DiPR@1P|j	enuroot.dic
diptera	D|1PTk@	enuroot.dic
dipygi	D|1PIJzE	enuroot.dic
disablist	Di2S@1BLiSTp	enuroot.dic
disally	DIZ|jE1	enuroot.dic
disanoint	D|SaNy1NTp	enuroot.dic
disapply	D|SaPLE1	enuroot.dic
disaugment	D|SwGM|1NTp	enuroot.dic
discarnate	DiSK31NATp	enuroot.dic
discocarp	D|1SGoK3Pp	enuroot.dic
discogram	D|1SGoGRaM	enuroot.dic
discommend	D|SGoM|1NDp	enuroot.dic
discommode	D|SGoMO1Dp	enuroot.dic
discophore	D|1SGoFg	enuroot.dic
discounter	D|1SGfNT3	enuroot.dic
disembogue	D|SeMBO1Gp	enuroot.dic
disembogued	D|SeMBO1GDp	enuroot.dic
disembogues	D|SeMBO1GZ	enuroot.dic
disesteem	D|SeSTE1M	enuroot.dic
disfluent	DiSFLb1|NTp	enuroot.dic
dishabille	D|SHaB|1j	enuroot.dic
dishuman	Disb1M@N	enuroot.dic
disimpale	D|SiMPA1j	enuroot.dic
disinfest	D|SiNF|1STp	enuroot.dic
disinform	DiZ|NFg1M	enuroot.dic
disinter	D|SiNT31	enuroot.dic
disinvest	D|SiNV|1STp	enuroot.dic
disinvite	D|SiNVI1Tp	enuroot.dic
disklabel	D|1SKLoBej	enuroot.dic
diskogram	D|1SGoGRaM	enuroot.dic
disneyfy	D|1SNAFE	enuroot.dic
disoblige	D|SoBL|1Jz	enuroot.dic
disomy	D|1SOME	enuroot.dic
dispermy	D|1SB3ME	enuroot.dic
disquisit	D|1SKWiZ|Tp	enuroot.dic
disquisite	D|1SKWISITp	enuroot.dic
dissecans	D|1SeK@NZ	enuroot.dic
disselpoof	D|1SejPbF	enuroot.dic
distelfink	D|1SDejFi~Kp	enuroot.dic
distichal	D|1SDICs@j	enuroot.dic
distichous	D|1SDiCs|S	enuroot.dic
distomate	DiST|1MATp	enuroot.dic
diterpene	Di2t31PEN	enuroot.dic
dithizone	DiX|1ZON	enuroot.dic
ditrochee	Di12CsR|CsE	enuroot.dic
divehi	D|1VedE	enuroot.dic
dizygous	DiZ|1G@S	enuroot.dic
djellabah	Jzej@1B@	enuroot.dic
docetist	DoS|1t|STp	enuroot.dic
doctrinaire	DoKCsR|Nk1	enuroot.dic
dodoma	D@1DOM@	enuroot.dic
doggoning	DwGO1N|~p	enuroot.dic
dogmata	Dw1GMot@	enuroot.dic
domina	DO1MEN@	enuroot.dic
dominee	Do12M|NE	enuroot.dic
domini	D|1MENE	enuroot.dic
domoda	D@1MOt@	enuroot.dic
donburi	Do1NBcE	enuroot.dic
dongchimi	Do1~CsEME	enuroot.dic
doohickey	Db1diKE	enuroot.dic
dosseret	DoS3|1Tp	enuroot.dic
douloureux	Dfj3b1KS	enuroot.dic
downriver	DfNR|1V3	enuroot.dic
dragonlance	JzR|1GoNL@NS	enuroot.dic
dragonscave	JzR|1GoNSK@V	enuroot.dic
dragonsdawn	JzR|1GoNSD@N	enuroot.dic
dravida	JzR|1VEt@	enuroot.dic
drodesser	JzRot|1S3	enuroot.dic
drogheda	JzRO1GAt@	enuroot.dic
drosera	JzR|1Zk@	enuroot.dic
dryasdust	JzRI1YaZD@STp	enuroot.dic
dubonnet	DbBoN|1Tp	enuroot.dic
dubuffet	DbBvF|1Tp	enuroot.dic
ductuli	Dv1KTbjE	enuroot.dic
dudula	DbJz@1j@	enuroot.dic
duloses	DbjO1Z|Z	enuroot.dic
dundrearies	DvNJzR41REZ	enuroot.dic
dunfermline	DvNF31MLIN	enuroot.dic
dupuytren	DbPI1CsR|N	enuroot.dic
duramen	Dc|1M|N	enuroot.dic
dussoket	DvS|1K|Tp	enuroot.dic
duwamish	DbWo1M|s	enuroot.dic
dyarchal	DIYr1K@j	enuroot.dic
dyarchic	DIYr1K|Kp	enuroot.dic
dybbukim	DiBY|K|1M	enuroot.dic
dydyna	D|1DIN@	enuroot.dic
dyphylline	DiF|1jIN	enuroot.dic
dysergy	D|1Z3JzE	enuroot.dic
dysfluent	DiSFLb1|NTp	enuroot.dic
dysuric	DIz31|Kp	enuroot.dic
dzaudzhikau	DZfDz|1Kf	enuroot.dic
ebrahim	eBR|d|1M	enuroot.dic
ecesis	eS|1S|S	enuroot.dic
echinid	eCs|1N|Dp	enuroot.dic
echinus	eCs|1N@S	enuroot.dic
echoplex	|1CsoPLeKS	enuroot.dic
ecofreak	|1KoFREKp	enuroot.dic
econverse	|KoNV31S	enuroot.dic
ecossaise	|KoSA1Z	enuroot.dic
ecostate	eK@1STATp	enuroot.dic
ecoteur	eK|Cs31	enuroot.dic
ecphora	e1KFgR@	enuroot.dic
ecthlipses	eKXL|1PS|Z	enuroot.dic
ectoblast	e1KToBL@STp	enuroot.dic
ectoplast	e1KToPL@STp	enuroot.dic
edelweiss	|1DejWIS	enuroot.dic
edentate	et|1NTATp	enuroot.dic
eductor	etv1KT3	enuroot.dic
efferdent	|1F3t|NTp	enuroot.dic
effigem	|1FiJz|M	enuroot.dic
effleurage	|FLc|1Jz	enuroot.dic
egofit	E12GOFiTp	enuroot.dic
egressing	EGRe1Si~p	enuroot.dic
ehrmantraut	k1MaNCsRwTp	enuroot.dic
eiderdown	I1D3tfN	enuroot.dic
eidolon	It@1j@N	enuroot.dic
eighteenmo	AtE1NMO	enuroot.dic
eightpenny	A1TPeNE	enuroot.dic
ekmannite	e1KMaNITp	enuroot.dic
elamite	|1LAMITp	enuroot.dic
elater	|1LAt3	enuroot.dic
elbakyan	e1jBaKY@N	enuroot.dic
elemi	|1LeME	enuroot.dic
elemis	|1LeM|S	enuroot.dic
elevon	|1LeV@N	enuroot.dic
elfaba	e1jFaB@	enuroot.dic
elhokar	ejd|1Kr	enuroot.dic
elian	|1LIY@N	enuroot.dic
eligard	|1LIGrDp	enuroot.dic
elihu	|1LidYb	enuroot.dic
elinvar	@1LiNVr	enuroot.dic
elio	|1LEYO	enuroot.dic
eliud	|1LIY@Dp	enuroot.dic
elkanah	ejK@1N@	enuroot.dic
ellevest	@1jEV|STp	enuroot.dic
elnathan	ejN@1X@N	enuroot.dic
elocon	|1LoK@N	enuroot.dic
elocrap	|1LoKR@Pp	enuroot.dic
elodie	|1LOtE	enuroot.dic
elohist	|1Lod|STp	enuroot.dic
elphaba	e1jFaB@	enuroot.dic
elsinore	ejS|Ng1	enuroot.dic
elytra	@1LiCsR@	enuroot.dic
emailget	|1MAjJz|Tp	enumain.dic
embertone	|1MB3TON	enuroot.dic
emblemist	|1MBLeM|STp	enuroot.dic
emboli	|1MBOjE	enuroot.dic
embolus	|1MBOj@S	enuroot.dic
emboly	|1MBOjE	enuroot.dic
embouchure	|MBfCs31	enuroot.dic
embryoid	|1MBRIYyDp	enuroot.dic
embryon	|1MBRIY@N	enuroot.dic
embryous	|1MBRIY@S	enuroot.dic
emeli	|1MejE	enuroot.dic
emerize	|1MkIZ	enuroot.dic
emeses	|1MEZ|Z	enuroot.dic
eminem	|1MiN|M	enuroot.dic
emmalee	e12M|jE	enuroot.dic
emmental	|1MeNT@j	enuroot.dic
emmenthal	|1MeNXwj	enuroot.dic
emmetrope	|1MeCsROPp	enuroot.dic
emocore	|1MoKg	enuroot.dic
emohawk	|1MOdwKp	enuroot.dic
empathise	|1MPaX|Z	enuroot.dic
empathist	|1MPaX|STp	enuroot.dic
empennage	|MPeN|1Jz	enuroot.dic
emtriva	e1MCsREV@	enuroot.dic
enamine	|1NaM|N	enuroot.dic
enanthate	eN@1NXATp	enuroot.dic
encenter	eNS|1NT3	enuroot.dic
enclises	|1~KLIZ|Z	enuroot.dic
enclisis	|1~KLiS|S	enuroot.dic
endlichite	|1NDLICsITp	enuroot.dic
endoblast	|1NDoBL@STp	enuroot.dic
endocarp	|1NDoK3Pp	enuroot.dic
endochone	|1NDoCsON	enuroot.dic
endocline	|1NDoKLIN	enuroot.dic
endocrine	|1NDoKR|N	enuroot.dic
endoderm	|1NDot3M	enuroot.dic
endognath	|1NDwGN@X	enuroot.dic
endolith	|1NDoj|X	enuroot.dic
endolymph	|1NDoj|MF	enuroot.dic
endomorph	|1NDoM3F	enuroot.dic
endophragm	|1NDoFRaGM	enuroot.dic
endoplast	|1NDoPL@STp	enuroot.dic
endoproct	|1NDoPRoKTp	enuroot.dic
endosarc	|1NDoZ3Kp	enuroot.dic
endoscope	|1NDoSKOPp	enuroot.dic
endosperm	|1NDoSP3M	enuroot.dic
endospore	|1NDoSPg	enuroot.dic
endostome	|1NDoSTOM	enuroot.dic
endotherm	|1NDoX3M	enuroot.dic
enduser	|1NDbZ3	enuroot.dic
enfleurage	|NFLc|1Jz	enuroot.dic
englishite	|1~GLisITp	enuroot.dic
enjolras	|NJzojR@1Z	enuroot.dic
enolase	|1Noj@S	enuroot.dic
enolise	|1Noj|Z	enuroot.dic
enolize	|1NojIZ	enuroot.dic
enophile	|1NoF@j	enuroot.dic
enshrinee	e2NsR|1NE	enuroot.dic
ensigncy	|1NSiGNSE	enuroot.dic
ensilage	|1NSIj|Jz	enuroot.dic
ensorcell	e2NSg1Sej	enuroot.dic
ensphering	eNSF31|~p	enuroot.dic
entases	|1NTAS|Z	enuroot.dic
entasis	|1NTaS|S	enuroot.dic
enteron	|1NTk@N	enuroot.dic
enthalpy	|1NXajPE	enuroot.dic
entoblast	|1NToBL@STp	enuroot.dic
entocoele	|1NToKOj	enuroot.dic
entocort	|1NToK3Tp	enuroot.dic
entoderm	|1NTot3M	enuroot.dic
entoproct	|1NToPRoKTp	enuroot.dic
entrechat	eNCsR|Csa1Tp	enuroot.dic
entrecote	|1NCsReKOTp	enuroot.dic
entredeux	|1NCsReJzbKS	enuroot.dic
entrelac	|1NCsRejaKp	enuroot.dic
entremets	|NCsReM|1TS	enuroot.dic
entrepot	|1NCsRePoTp	enuroot.dic
entresol	|1NCsReZ|j	enuroot.dic
entrochus	|1NCsROCs|S	enuroot.dic
envolver	|1NVojV3	enuroot.dic
epaphras	|1PaFR@Z	enuroot.dic
epaulette	e12PwLeTp	enuroot.dic
epeiros	|1P4ROS	enuroot.dic
ephebus	eF|1B@S	enuroot.dic
ephedrine	eF|1JzR|N	enuroot.dic
ephori	|1FgRE	enuroot.dic
ephrata	e1FRot@	enuroot.dic
epiblast	|1PiBL@STp	enuroot.dic
epicede	e12P|SEDp	enuroot.dic
epigee	e12P|JzE	enuroot.dic
epiphragm	|1PiFRaGM	enuroot.dic
epirote	eP31OTp	enuroot.dic
epirus	eP31@S	enuroot.dic
epispore	|1PiSPg	enuroot.dic
epistome	|1PiSTOM	enuroot.dic
epopee	e12P|PE	enuroot.dic
equinae	eKW|1NA	enuroot.dic
equipede	e12KW|PEDp	enuroot.dic
equivoque	e12KW|VOKp	enuroot.dic
eragon	|1RaG@N	enuroot.dic
erato	|1RotO	enuroot.dic
ereader	|1REt3	enuroot.dic
erebor	|1REB3	enuroot.dic
erebus	|1REB@S	enuroot.dic
erevan	|ReV@1N	enuroot.dic
erewhon	|1Rbd@N	enuroot.dic
eriksson	|1RiKS@N	enuroot.dic
erinose	|1RiNOZ	enuroot.dic
erivan	|RiV@1N	enuroot.dic
erlangen	31LaNJz|N	enuroot.dic
erotise	|1ROt|S	enuroot.dic
erotize	|1RoTIZ	enuroot.dic
erratum	k@1t@M	enuroot.dic
eructate	k|1KTATp	enuroot.dic
erythrol	@1RiXR@j	enuroot.dic
erythron	@1RiXR@N	enuroot.dic
erythrose	@1RiXROZ	enuroot.dic
escabeche	|SGaB|1Cs	enuroot.dic
escadrille	e12SK@JzRij	enuroot.dic
escalope	|1SGajOPp	enuroot.dic
eschalot	|1saj@Tp	enuroot.dic
eschynite	|1sINITp	enuroot.dic
escolar	eSK@j31	enuroot.dic
esfahan	eSF@da1N	enuroot.dic
espagnole	eSBaGNO1j	enuroot.dic
espaillat	eSPAja1Tp	enuroot.dic
espeakup	eSPE1K@Pp	enuroot.dic
esplanade	e12SPL|NADp	enuroot.dic
espookys	eSPu1KEZ	enuroot.dic
espousal	eSP@1Z|j	enuroot.dic
estampie	|SDaMPE1	enuroot.dic
estefan	|1SDeF@N	enuroot.dic
esterase	|1SDk@S	enuroot.dic
estlander	|1STLaND3	enuroot.dic
etatist	et|1T|STp	enuroot.dic
eternize	et31NIZ	enuroot.dic
etherpad	|1X3P@Dp	enuroot.dic
etherscan	|1X3SK@N	enuroot.dic
etherwave	|1X3W@V	enuroot.dic
ethicsmax	|1XiKSMaKS	enuroot.dic
etyma	|1TiM@	enuroot.dic
eucharis	Yb1CsoR|S	enuroot.dic
eudaemon	YbtA1M@N	enuroot.dic
eudaimon	YbtA1M@N	enuroot.dic
eudemon	Ybt|1M@N	enuroot.dic
eugenie	YbJz|1NE	enuroot.dic
eugenist	YbJz|1N|STp	enuroot.dic
euglenoid	YbGL|1NyDp	enuroot.dic
euhedral	Ybd|1JzR@j	enuroot.dic
eupatrid	YbP@1CsR|Dp	enuroot.dic
euripus	Yc|1P@S	enuroot.dic
eurocheque	Yc12|CsAKp	enuroot.dic
eutaxy	Yb1TaKSE	enuroot.dic
euthenist	YbX|1N|STp	enuroot.dic
euthyroid	YbX31yDp	enuroot.dic
everfrost	e1V3FRoSTp	enuroot.dic
evermore	eV3Mg1	enuroot.dic
everwhich	e1V3WdiCs	enuroot.dic
evgeny	eVJz|1NE	enuroot.dic
evia	|1VEY@	enuroot.dic
evian	|1VIY@N	enuroot.dic
evittate	eV|1TATp	enuroot.dic
evofem	|1VoF|M	enuroot.dic
evora	|1VgR@	enuroot.dic
evotaz	|1Vot@Z	enuroot.dic
ewdendrift	Yb1DeNJzR|FTp	enuroot.dic
exabyte	|1GZaB|Tp	enuroot.dic
examen	eKS|1M|N	enuroot.dic
exarchy	|1GZrKE	enuroot.dic
excaudate	eKSKw1DATp	enuroot.dic
exceedence	eKSE1t|NS	enuroot.dic
exchequer	|1KSCseK3	enuroot.dic
exedra	|1GZeJzR@	enuroot.dic
exhumate	eKSHYb1MATp	enuroot.dic
exilarch	|1GZijrKp	enuroot.dic
exintine	eKS|1NTEN	enuroot.dic
exocarp	|1GZoK3Pp	enuroot.dic
exocet	|1GZoS|Tp	enuroot.dic
exocline	|1GZoKLIN	enuroot.dic
exocoele	|1GZoKOj	enuroot.dic
exocrine	|1GZoKR|N	enuroot.dic
exodist	|1GZot|STp	enuroot.dic
exodoi	|1GZoty	enuroot.dic
exodos	|1GZOtOZ	enuroot.dic
exomoon	e12KS@MbN	enuroot.dic
exosphere	|1GZoSF4	enuroot.dic
exospore	|1GZoSPg	enuroot.dic
exostome	|1GZoSTOM	enuroot.dic
expellee	|KSBejE1	enuroot.dic
expercom	|1KSB3K@M	enuroot.dic
explicans	|1KSPLiK@NZ	enuroot.dic
extracode	|1KSCsRaKODp	enuroot.dic
extracodes	|1KSCsRaKODZ	enuroot.dic
extranet	|1KSCsRaN|Tp	enuroot.dic
extranets	|1KSCsRaN|TS	enuroot.dic
exynos	|1GZiN@S	enuroot.dic
fabregas	F@1BRAG@Z	enuroot.dic
falconet	FajK|N|1Tp	enuroot.dic
farandole	F@1RaNDOj	enuroot.dic
farfara	Fr1Fr@	enuroot.dic
faribault	Fo12R|BO	enuroot.dic
farsistan	FrSiST@1N	enuroot.dic
fathima	F|1XEM@	enuroot.dic
fatiha	F|1TEd@	enuroot.dic
fatui	F@1TbE	enuroot.dic
fayetteville	FA1YeTVij	enuroot.dic
featherstitch	FE1X3ST|Cs	enuroot.dic
federo	F|1DkO	enuroot.dic
fediblock	F|1DiBLoKp	enuroot.dic
feferi	F|1FkE	enuroot.dic
felafel	Fej@1F@j	enuroot.dic
feldenkrais	Fe1jDe~KRAS	enuroot.dic
fellatrix	Fej@1CsRiKS	enuroot.dic
fellowshipped	F@1LOs|PTp	enuroot.dic
femara	F|1Mr@	enuroot.dic
femcelcore	Fe1MSejKg	enuroot.dic
femina	F|1MEN@	enuroot.dic
femora	F|1MgR@	enuroot.dic
fenagle	FeN|1G|j	enuroot.dic
ferocize	Fk@1SIZ	enuroot.dic
fescennine	F|1SeN|N	enuroot.dic
festschriften	Fe1STsRiFT|N	enuroot.dic
feverfew	F|1V3FYb	enuroot.dic
feverwort	F|1V3W3Tp	enuroot.dic
fiacre	FIY|1K3	enuroot.dic
fiallo	FE1YajO	enuroot.dic
fianna	FE1YaN@	enuroot.dic
fiberfill	F|1B3F@j	enuroot.dic
fiberglas	F|1B3GL@Z	enuroot.dic
fibermax	F|1B3MaKS	enuroot.dic
fibrillose	F|1BRijOZ	enuroot.dic
fibroblast	F|1BRoBL@STp	enuroot.dic
fibroses	FiBRO1Z|Z	enuroot.dic
fibrosus	FiBR@1S@S	enuroot.dic
fieri	FE1YkE	enuroot.dic
figurae	FiGY31A	enuroot.dic
fijian	FiJzE1Y@N	enuroot.dic
filarid	Fij31|Dp	enuroot.dic
filippine	F|1LiP|N	enuroot.dic
finagle	FiN|1G|j	enuroot.dic
finneas	F|1NEY@Z	enuroot.dic
fissurae	Fis31A	enuroot.dic
fitwaffle	F|1TWoF@j	enuroot.dic
flabellate	FLaB|1jATp	enuroot.dic
flagellant	FL|1Jzej@NTp	enuroot.dic
flagellist	FL|1Jzej|STp	enuroot.dic
flaithulach	FLAX@1jaKp	enuroot.dic
flanerie	FLaN3E1	enuroot.dic
flaneries	FLaN3E1Z	enuroot.dic
flavorbomb	FL@1VgB@M	enuroot.dic
flexdollars	FLe1KSDoj3Z	enuroot.dic
floatoblast	FLO1ToBL@STp	enuroot.dic
flocculi	FL|1KbjE	enuroot.dic
florisbad	FL|1RiZB@Dp	enuroot.dic
florissant	FL|1RiS@NTp	enuroot.dic
fluttershy	FL@1T3sE	enuroot.dic
focusrite	F|1KvZRITp	enuroot.dic
folarin	Foj31|N	enuroot.dic
folkenflik	FO1KeNFLiKp	enuroot.dic
followthrough	F@1LOXRO	enuroot.dic
fomalhaut	F@1MajdwTp	enuroot.dic
fontanel	FoNT@N@1j	enuroot.dic
foramen	FgR|1M|N	enuroot.dic
forebodies	Fg1BotEZ	enuroot.dic
forebody	Fg1BotE	enuroot.dic
forecaddie	Fg1KatE	enuroot.dic
forecastle	Fg1KaS@j	enuroot.dic
forecastles	Fg1KaS@jZ	enuroot.dic
forechecker	Fg1CseK3	enuroot.dic
forecheckers	Fg1CseK3Z	enuroot.dic
forechecking	Fg1CseK|~p	enuroot.dic
foreganger	Fg1Ga~3	enuroot.dic
foregangers	Fg1Ga~3Z	enuroot.dic
foreladies	Fg1LAtEZ	enuroot.dic
forelady	Fg1LAtE	enuroot.dic
foremother	Fg1Mvx3	enuroot.dic
foremothers	Fg1Mvx3Z	enuroot.dic
foreo	FgRE1YO	enuroot.dic
forepleasure	Fg1PLez3	enuroot.dic
forequarter	Fg1KWgt3	enuroot.dic
forequarters	Fg1KWgt3Z	enuroot.dic
forestaysail	Fg1SDAZAj	enuroot.dic
foretopman	Fg1ToPM@N	enuroot.dic
formovie	FgM|1VE	enuroot.dic
foroohar	FgRb1dr	enuroot.dic
forrader	F|1RAt3	enuroot.dic
fortescue	Fg1TeSKYb	enuroot.dic
foudroyant	FfJzRy1Y@NTp	enuroot.dic
fourpenny	Fg1PeNE	enuroot.dic
fragonard	FRaG@N31Dp	enuroot.dic
frankenmuth	FRa1~KeNM@X	enuroot.dic
frankincense	FRa1~KiNS|NS	enuroot.dic
freedesktop	FRE1DeSKT@Pp	enuroot.dic
fricandeau	FRE12K@NDO	enuroot.dic
fricando	FR|1KaNDO	enuroot.dic
fricasseed	FRiK|SE1Dp	enuroot.dic
frideric	FR|1Dk|Kp	enuroot.dic
friendika	FRE1NDEK@	enuroot.dic
frigidaire	FRiJz|tk1	enuroot.dic
frondosum	FRoND@1Z@M	enuroot.dic
frontignac	FRvNTiGNa1Kp	enuroot.dic
frontinus	FRvNT|1N@S	enuroot.dic
fuckarow	FvK3O1	enuroot.dic
fuckbuddy	Fv1KBvtE	enuroot.dic
fuckfuckfuck	Fv1KFvKFvKp	enuroot.dic
fucknuckle	Fv1KNvK@j	enuroot.dic
fujairah	FUJzk1@	enuroot.dic
fujayrah	FUJzk1@	enuroot.dic
fulani	F@1LoNE	enuroot.dic
fulanis	F@1LoN|S	enuroot.dic
fundatrix	FvND@1CsRiKS	enuroot.dic
funemploy	FY|NeMPLy1	enuroot.dic
furuncle	FY@1Rv~K@j	enuroot.dic
fusilier	FUZ|jY31	enuroot.dic
fussbudget	Fv1SBvJz|Tp	enuroot.dic
fusuma	FY@1ZbM@	enuroot.dic
gachupin	GaCs|P|1N	enuroot.dic
gagaku	GaG|1KYb	enuroot.dic
gagarin	GaG31|N	enuroot.dic
galaga	G@1LoG@	enuroot.dic
galamsey	G@1LaMSE	enuroot.dic
galangal	G@1La~G|j	enuroot.dic
galapee	Ga12j|PE	enuroot.dic
galilee	Ga12j|LE	enuroot.dic
gallaudet	Gajwt|1Tp	enuroot.dic
gallifrey	G|1LiFRE	enuroot.dic
galsworthy	Gw1jSWgXE	enuroot.dic
gambrinus	GaMBR|1N@S	enuroot.dic
gamertag	G@1M3TaGp	enuroot.dic
ganymede	Ga12N|MEDp	enuroot.dic
gardyloo	Grt|jb1	enuroot.dic
garfunkel	Gr1Fv~K@j	enuroot.dic
garotted	Gk|1t|Dp	enuroot.dic
garotting	Gk|1t|~p	enuroot.dic
gasherbrum	G|1s3BR@M	enuroot.dic
gasolier	GaZ@jY31	enuroot.dic
gastineau	Ga12ST|NO	enuroot.dic
gastroblast	Ga1STRoBL@STp	enuroot.dic
gastrocele	Ga12STR|SEj	enuroot.dic
gastrostome	Ga1STRoSTOM	enuroot.dic
gastruran	GaSTR31@N	enuroot.dic
gattaca	G@1TaK@	enuroot.dic
gaucherie	GwCs3E1	enuroot.dic
gaucheries	GwCs3E1Z	enuroot.dic
gautama	Gw1TaM@	enuroot.dic
gazunder	GaZ@1ND3	enuroot.dic
gegenpress	Jz|1JzeNPR|S	enuroot.dic
gegenschein	G|1GeNsIN	enuroot.dic
gelignite	Jz|1LiGNITp	enuroot.dic
gemarist	JzeM31iSTp	enuroot.dic
gemeinhardt	GeMI1NdrDTp	enuroot.dic
geminis	Jz|1MiN|S	enuroot.dic
gemutlich	GeM@1qLiKp	enuroot.dic
genderbend	Jze1ND3B|NDp	enuroot.dic
genderbent	Jze1ND3B|NTp	enuroot.dic
genderfuck	Jze1ND3FvKp	enuroot.dic
genderpunk	Jze1ND3Pv~Kp	enuroot.dic
genderqueer	Jze1ND3K3	enuroot.dic
genderswap	Jze1ND3SWoPp	enuroot.dic
genera	Jz|1Nk@	enuroot.dic
geneses	Jz|1NEZ|Z	enuroot.dic
genevan	JzeN|1V@N	enuroot.dic
genito	Jz|1NEtO	enuroot.dic
genoblast	Jz|1NoBL@STp	enuroot.dic
gentilhomme	JzeNTijd@1M	enuroot.dic
genuflect	Jz|1NvFLeKTp	enuroot.dic
geoblock	JzE1YoBLoKp	enuroot.dic
geoblocked	JzE1YoBLoKTp	enuroot.dic
geoblocks	JzE1YoBLoKS	enuroot.dic
geodete	JzE12Y|DETp	enuroot.dic
geodetes	JzE12Y|DETS	enuroot.dic
geoglyph	JzE1YoGL|F	enuroot.dic
geoglyphs	JzE1YoGL|FS	enuroot.dic
geognost	JzE1YoGN@STp	enuroot.dic
geognosts	JzE1YoGN@STS	enuroot.dic
geranin	Jzk|1N|N	enuroot.dic
gerasenes	Jzk12|ZENZ	enuroot.dic
gerbera	Jz31Bk@	enuroot.dic
gerfalcon	Jz31FajK@N	enuroot.dic
gergesenes	Jz312Jz|ZENZ	enuroot.dic
germander	Jz3M@1ND3	enuroot.dic
germanin	Jz3M|1N|N	enuroot.dic
gestoses	JzeSTO1Z|Z	enuroot.dic
ghaghara	G|1Gr@	enuroot.dic
ghanaian	GaNA1Y@N	enuroot.dic
ghanian	GANE1Y@N	enuroot.dic
gieseking	JzE1ZEK|~p	enuroot.dic
gigabit	Gi12G|BiTp	enuroot.dic
gigaflop	Gi12G@FLoPp	enuroot.dic
gigantize	Gi12G@NTIZ	enuroot.dic
gigaohm	Gi12GAYOM	enuroot.dic
gigaton	JzE12G@TvN	enuroot.dic
gigatonne	Gi12G@ToN	enuroot.dic
gigatrend	Gi12G@CsReNDp	enuroot.dic
gingerade	Gi12NJz|RADp	enuroot.dic
gingiva	G|1NJzEV@	enuroot.dic
ginglymi	G|1~GLIME	enuroot.dic
girandole	Jz|1RaNDOj	enuroot.dic
giraudoux	Jz4Rwtf1KS	enuroot.dic
gitaroo	Git31b	enuroot.dic
gitignore	G|1TiGNg	enuroot.dic
giulia	JzI1YbjY@	enuroot.dic
gladii	GL|1DEYE	enuroot.dic
glamorpuss	GL@1MgP@S	enuroot.dic
glamourpuss	GL@1MgP@S	enuroot.dic
glampervan	GLa1MP3V@N	enuroot.dic
gleichschaltung	GLE1CswjTv~p	enuroot.dic
glengarry	GLe~G31E	enuroot.dic
glenlivet	GLeNL|1V|Tp	enuroot.dic
glioses	GLIYO1Z|Z	enuroot.dic
gloryspren	GL|1RiSPR|N	enuroot.dic
glossocele	GLo12S|SEj	enuroot.dic
glucinum	GLbS|1N@M	enuroot.dic
glyburide	GLiBY31IDp	enuroot.dic
gnathostome	N@1XoSTOM	enuroot.dic
gochujang	GoCs|Jza1~p	enuroot.dic
godaddy	G@1DatE	enuroot.dic
goddamnit	G@1DaMN|Tp	enuroot.dic
godsdamnit	Go1DSDaMN|Tp	enuroot.dic
goetic	GO1et|Kp	enuroot.dic
goldsmithry	GO1jDSMiXRE	enuroot.dic
golgotha	Go1jGOX@	enuroot.dic
golightly	GojI1qLE	enuroot.dic
gomphoses	GoMFO1Z|Z	enuroot.dic
gondii	Go1NDEYE	enuroot.dic
gondwanan	GoNDWo1N@N	enuroot.dic
gongoozler	Go~GO1ZL3	enuroot.dic
gongoozling	Go~GO1ZL|~p	enuroot.dic
gonoblast	G@1NoBL@STp	enuroot.dic
googleplex	Gb1GLePLeKS	enuroot.dic
googolplex	Gb1GojPLeKS	enuroot.dic
goosander	GbZ@1ND3	enuroot.dic
goranton	GgR@1NT@N	enuroot.dic
gormenghast	Gg1Me~G@STp	enuroot.dic
gouramies	Gc|1MEZ	enuroot.dic
gowanus	Gf@1N@S	enuroot.dic
gradatim	GRat|1T|M	enuroot.dic
gradgrindish	GRaJzR|1ND|s	enuroot.dic
graffitist	GRaF|1t|STp	enuroot.dic
grammarphobe	GR@1MrFOBp	enuroot.dic
gravamen	GRaV|1M|N	enuroot.dic
gravesian	GR|1VEz@N	enuroot.dic
gravida	GR|1VEt@	enuroot.dic
gravitas	GR|1VEt@Z	enuroot.dic
greenockite	GRE1NoKITp	enuroot.dic
grenadan	GReN@1t@N	enuroot.dic
groningen	GR|1NiNJz|N	enuroot.dic
gryposes	GRiPO1Z|Z	enuroot.dic
guenevere	Ge12N|V4	enuroot.dic
gugelhof	GY|1GejdoF	enuroot.dic
gugelhupf	GY|1Gejd@F	enuroot.dic
guillemet	G|1LeM|Tp	enuroot.dic
guimaraes	GiM31AZ	enuroot.dic
guinevere	Gi12N|V4	enuroot.dic
guitarfest	Git31F|STp	enuroot.dic
gujarat	GUJz3a1Tp	enuroot.dic
gummata	G@1Mot@	enuroot.dic
guridy	GYc|1tE	enuroot.dic
gustavus	GvST@1V@S	enuroot.dic
gutbucket	Gv1TBvK|Tp	enuroot.dic
guttatim	Gvt|1T|M	enuroot.dic
guttersnipe	G@1T3SN|Pp	enuroot.dic
gyllenhaal	Jz|1LeNdoj	enuroot.dic
gymnoplast	Jz|1MNoPL@STp	enuroot.dic
gymnosperm	Jz|1MNoSP3M	enuroot.dic
gymnospore	Jz|1MNoSPg	enuroot.dic
gynander	JziN@1ND3	enuroot.dic
gynandry	JziN@1NJzRE	enuroot.dic
gynarchic	JziNr1K|Kp	enuroot.dic
gynecic	GI2N|1SiKp	enuroot.dic
gynecoid	GI12N@KyDp	enuroot.dic
gynephobe	GI12N@FOBp	enuroot.dic
gynospore	Jz|1NoSPg	enuroot.dic
gyrfalcon	Jz31FajK@N	enuroot.dic
gyropter	Jz3@1PT3	enuroot.dic
habakkuk	H@BaKv1Kp	enuroot.dic
habdalah	HaBD@j@1	enuroot.dic
habesha	H|1Bes@	enuroot.dic
habitan	HaB|T@1N	enuroot.dic
hackintosh	H|1KiNT|s	enuroot.dic
haemoblast	HA1MoBL@STp	enuroot.dic
haemoccult	HA1MoK@jTp	enuroot.dic
haggada	H|Got@1	enuroot.dic
haggadah	HaG@t@1	enuroot.dic
haggadist	HaG|1t|STp	enuroot.dic
hagibis	H|1JziB|S	enuroot.dic
haikubox	HAKYb1BoKS	enuroot.dic
halakhist	H@1LaKH|STp	enuroot.dic
halloweek	HajOE1Kp	enuroot.dic
hallowmas	H@1LfM@Z	enuroot.dic
hamadan	HaM@t@1N	enuroot.dic
hamantasch	H@1MaNT|s	enuroot.dic
hamatum	HaM@1t@M	enuroot.dic
hamiltome	H|1MijTOM	enuroot.dic
hammerkop	H@1M3K@Pp	enuroot.dic
hammertoes	H@1M3tOZ	enuroot.dic
hanafi	H@1NoFE	enuroot.dic
hanafis	H@1NoF|S	enuroot.dic
handkerchieves	Ha1NDK3CsEVZ	enuroot.dic
handselling	Ha1NDSej|~p	enuroot.dic
handwoven	HaNDWO1V|N	enuroot.dic
haniyeh	HaN|1Ye	enuroot.dic
hanoian	HaNy1Y@N	enuroot.dic
hanukkah	H@1NvK@	enuroot.dic
haplorhine	Ha1PLgd|N	enuroot.dic
haploses	HaPLO1Z|Z	enuroot.dic
happenchance	H|1PeNCs@NS	enuroot.dic
happenstance	H|1PeNST@NS	enuroot.dic
hardfisted	HrDF|1ST|Dp	enuroot.dic
haringey	H|1RiNJzE	enuroot.dic
haroset	HrO1SeTp	enuroot.dic
haroseth	Hk|1Z|X	enuroot.dic
hashanah	Has@1N@	enuroot.dic
hasidim	HaZ|1t|M	enuroot.dic
haspopup	HaSP@1P@Pp	enuroot.dic
hasselbalch	H|1SejB@jCs	enuroot.dic
hasselblad	H|1SejBL@Dp	enuroot.dic
hassidim	HaS|1t|M	enuroot.dic
hatchettite	Ha1CseTITp	enuroot.dic
hausmannite	Hw1ZMaNITp	enuroot.dic
havanan	HaV@1N@N	enuroot.dic
havdalah	HaVD@j@1	enuroot.dic
haversack	H@1V3SaKp	enuroot.dic
hazanim	HaZ|1N|M	enuroot.dic
heartstricken	Hr1TSTRiK|N	enuroot.dic
hegirae	HeJz31A	enuroot.dic
heidenhain	HI1DeNd@N	enuroot.dic
heiferette	HE12F|ReTp	enuroot.dic
hellespont	H|1LeSP@NTp	enuroot.dic
hellgrammite	He1jGRaMITp	enuroot.dic
helluva	H@1LbV@	enuroot.dic
hemiblock	H|1MiBLoKp	enuroot.dic
hemiphrase	H|1MiFR@S	enuroot.dic
hemistich	H|1MiST|Cs	enuroot.dic
hemoblast	H|1MoBL@STp	enuroot.dic
hemoccult	H|1MoK@jTp	enuroot.dic
hendecad	HeND|1K@Dp	enuroot.dic
heptachlor	He1PTaKL3	enuroot.dic
heptaglot	He1PTaGL@Tp	enuroot.dic
heptarchal	HePTr1K@j	enuroot.dic
heptarchic	HePTr1K|Kp	enuroot.dic
heptastich	He1PTaST|Cs	enuroot.dic
heptathlete	He2PT@1XLETp	enuroot.dic
heronshaw	H@1RoNsw	enuroot.dic
hetero	H|1TkO	enuroot.dic
heulandite	HYb1LaNDITp	enuroot.dic
hexactine	HeKS|1KTEN	enuroot.dic
hexaglot	He1KSaGL@Tp	enuroot.dic
hexapla	He1KSaPL@	enuroot.dic
hexastich	He1KSaST|Cs	enuroot.dic
hexerei	HeKS3E1	enuroot.dic
hexestrol	He1KSeSTR@j	enuroot.dic
hexoestrol	He1KSOSTR@j	enuroot.dic
hibernant	H|1B3N@NTp	enuroot.dic
hibernants	H|1B3N@NTS	enuroot.dic
hideo	HEtE1YO	enuroot.dic
hidroses	HiJzRO1Z|Z	enuroot.dic
hiera	HI1Yk@	enuroot.dic
hieroglyph	HE1RoGL|F	enuroot.dic
hikaru	HiK31b	enuroot.dic
himachal	HiM|1Cs@j	enuroot.dic
himmeli	H|1MejE	enuroot.dic
hindermost	H|1ND3MOSTp	enuroot.dic
hindustan	H|NDvST@1N	enuroot.dic
hipparchus	HiPr1K@S	enuroot.dic
hippocras	H|1PoKR@Z	enuroot.dic
hirudin	H4R|1t|N	enuroot.dic
histoblast	H|1SDoBL@STp	enuroot.dic
histotrophe	H|1SDoCsR@F	enuroot.dic
hitchiti	H|1CsEtE	enuroot.dic
hitchitis	H|1CsIt|S	enuroot.dic
hiwassee	HE2Wo1SE	enuroot.dic
hizbollah	H|1ZBoj@	enuroot.dic
hobbesian	H|1BEz@N	enuroot.dic
hobbitmax	H|1BiTMaKS	enuroot.dic
hobgoblin	Ho1BGoBL|N	enuroot.dic
hofstader	Ho1FSDAt3	enuroot.dic
hogmanay	HoGM|NA1	enuroot.dic
hohmannite	HO1MaNITp	enuroot.dic
hohokam	Hod|1K@M	enuroot.dic
hollandaise	H@LaNDA1Z	enuroot.dic
holmesian	HO1jMEz@N	enuroot.dic
holoblast	H@1LoBL@STp	enuroot.dic
holophrase	H@1LoFR@S	enuroot.dic
holoplast	H@1LoPL@STp	enuroot.dic
holostome	H@1LoSTOM	enuroot.dic
homintern	H|1MiNT3N	enuroot.dic
homoclime	H@1MoKL|M	enuroot.dic
homoclimes	H@1MoKL|MZ	enuroot.dic
homoglot	H@1MoGL@Tp	enuroot.dic
homoplast	H@1MoPL@STp	enuroot.dic
homoplasts	H@1MoPL@STS	enuroot.dic
homostyled	H@1MoST|jDp	enuroot.dic
honduran	HoNJz31@N	enuroot.dic
hongkonger	Ho~Ko1~3	enuroot.dic
honorspren	H@1NgSPR|N	enuroot.dic
hoobastank	Hb1BaSTa~Kp	enuroot.dic
hootenanny	Hb12qnaNE	enuroot.dic
hopera	H|1Pk@	enuroot.dic
hormesis	HgM|1S|S	enuroot.dic
hornbostel	Hg1NBoST@j	enuroot.dic
hornswoggle	Hg1NSWoG|j	enuroot.dic
horopter	HgR@1PT3	enuroot.dic
horrorbot	H@1RgB@Tp	enuroot.dic
horrorthon	H@1RgX@N	enuroot.dic
hotelier	Hot|1jY3	enuroot.dic
hottentot	H|1TeNT@Tp	enuroot.dic
hoverbike	H@1V3BIKp	enuroot.dic
hoverkart	H@1V3K3Tp	enuroot.dic
hoversurf	H@1V3S3F	enuroot.dic
huarache	HU31AKp	enuroot.dic
huizenga	Hb1Ze~G@	enuroot.dic
humachine	HU12M|sEN	enuroot.dic
humanure	HUM@NY31	enuroot.dic
humdinger	HvMD|1~3	enuroot.dic
humeri	HYb1MkE	enuroot.dic
hungerspren	Hv1NJz3SPR|N	enuroot.dic
hushpuppi	Hb1sPbPE	enuroot.dic
hushpuppy	Hv1sPvPE	enuroot.dic
huzayfah	HUZA1F@	enuroot.dic
hydergine	HI1D3Jz|N	enuroot.dic
hydrastine	HIJzR@1STEN	enuroot.dic
hydrocele	HI12JzR|SEj	enuroot.dic
hydroclone	HI1JzRoKLON	enuroot.dic
hydroclones	HI1JzRoKLONZ	enuroot.dic
hydrofrack	HI1JzRoFRaKp	enuroot.dic
hydrofracked	HI1JzRoFRaKTp	enuroot.dic
hydrofracks	HI1JzRoFRaKS	enuroot.dic
hydroplaned	HI1JzRoPLANDp	enuroot.dic
hydropsy	HI1JzRoPSE	enuroot.dic
hydrosere	HI12JzR|Z4	enuroot.dic
hydrospace	HI1JzRoSP@S	enuroot.dic
hydrospeed	HI1JzRoSPEDp	enuroot.dic
hydrospire	HI1JzRoSP3	enuroot.dic
hydrospires	HI1JzRoSP3Z	enuroot.dic
hyenoid	HIY|1NyDp	enuroot.dic
hygeia	HIJzE1Y@	enuroot.dic
hygeian	HIJzE1Y@N	enuroot.dic
hygienal	HIJzE1N@j	enuroot.dic
hygienist	HIJzE1N|STp	enuroot.dic
hyginus	HIJz|1N@S	enuroot.dic
hyperboot	HI12P3BbTp	enuroot.dic
hypercar	HI12P3Kr	enuroot.dic
hypercard	HI12P3KrDp	enuroot.dic
hypercards	HI12P3KrDZ	enuroot.dic
hypercars	HI12P3KrZ	enuroot.dic
hypercharge	HI12P3CsrJz	enuroot.dic
hypercore	HI12P3Kg	enuroot.dic
hypercores	HI12P3KgZ	enuroot.dic
hypercrime	HI12P3KRIM	enuroot.dic
hypercube	HI12P3KUBp	enuroot.dic
hypercubes	HI12P3KUBZ	enuroot.dic
hyperdrive	HI12P3JzRIV	enuroot.dic
hyperdrives	HI12P3JzRIVZ	enuroot.dic
hyperfine	HI12P3FIN	enuroot.dic
hyperflex	HI12P3FLeKS	enuroot.dic
hyperforms	HI12P3FgMZ	enuroot.dic
hypergol	HI12P3Goj	enuroot.dic
hypergols	HI12P3GojZ	enuroot.dic
hypergraph	HI12P3GRaF	enuroot.dic
hypergraphs	HI12P3GRaFS	enuroot.dic
hypergrowth	HI12P3GROX	enuroot.dic
hyperice	HI12P3IS	enuroot.dic
hyperite	HI12P3ITp	enuroot.dic
hyperites	HI12P3ITS	enuroot.dic
hyperjacked	HI12P3JzaKTp	enuroot.dic
hyperkin	HI12P3KiN	enuroot.dic
hyperlink	HI12P3Li~Kp	enuroot.dic
hyperlinked	HI12P3Li~KTp	enuroot.dic
hyperlinks	HI12P3Li~KS	enuroot.dic
hyperlite	HI12P3LITp	enuroot.dic
hyperloop	HI12P3LbPp	enuroot.dic
hyperloops	HI12P3LbPS	enuroot.dic
hypermile	HI12P3MIj	enuroot.dic
hypermiled	HI12P3MIjDp	enuroot.dic
hypermiles	HI12P3MIjZ	enuroot.dic
hypermorph	HI12P3MgF	enuroot.dic
hypermorphs	HI12P3MgFS	enuroot.dic
hypernic	HI12P3NiKp	enuroot.dic
hypernics	HI12P3NiKS	enuroot.dic
hypernote	HI12P3NOTp	enuroot.dic
hypernotes	HI12P3NOTS	enuroot.dic
hypernym	HI12P3NiM	enuroot.dic
hypernyms	HI12P3NiMZ	enuroot.dic
hyperope	HI12P3OPp	enuroot.dic
hyperopes	HI12P3OPS	enuroot.dic
hyperploid	HI12P3PLyDp	enuroot.dic
hyperploids	HI12P3PLyDZ	enuroot.dic
hyperpop	HI12P3PoPp	enuroot.dic
hyperscale	HI12P3SGAj	enuroot.dic
hypershell	HI12P3sej	enuroot.dic
hypershot	HI12P3soTp	enuroot.dic
hypershots	HI12P3soTS	enuroot.dic
hyperspace	HI12P3SBAS	enuroot.dic
hypertense	HI12P3TeNS	enuroot.dic
hyperthought	HI12P3XwTp	enuroot.dic
hyperthoughts	HI12P3XwTS	enuroot.dic
hypervolt	HI12P3VOjTp	enuroot.dic
hyperwar	HI12P3Wg	enuroot.dic
hyperwars	HI12P3WgZ	enuroot.dic
hypnospore	H|1PNOSPg	enuroot.dic
hypoblast	HI1PoBL@STp	enuroot.dic
hypoblasts	HI1PoBL@STS	enuroot.dic
hypogee	HI12P|JzE	enuroot.dic
hypogees	HI12P|JzEZ	enuroot.dic
hypogene	HI12P|JzEN	enuroot.dic
hypopi	HI1POPE	enuroot.dic
hypoploid	HI1PoPLyDp	enuroot.dic
hyporcheme	HI12P3KeM	enuroot.dic
hyporrhined	HI1Pgd|NDp	enuroot.dic
hypospray	HI1PoSPRA	enuroot.dic
hyposprays	HI1PoSPRAZ	enuroot.dic
hypostome	HI1PoSTOM	enuroot.dic
hypostomes	HI1PoSTOMZ	enuroot.dic
hypostyle	HI1PoST@j	enuroot.dic
hypostyles	HI1PoST@jZ	enuroot.dic
hypothec	HIP|1XeKp	enuroot.dic
hypothecs	HIP|1XeKS	enuroot.dic
ibanez	|1BoNeZ	enuroot.dic
ibizan	iB|1Z@N	enuroot.dic
ibrahim	iBR|d|1M	enuroot.dic
ichneumon	iKNY@1M@N	enuroot.dic
ichoglan	|1CsoGL@N	enuroot.dic
ichthammol	i1CsXaM@j	enuroot.dic
ichthyic	i1CsXEY|Kp	enuroot.dic
iconfont	|1KoNF@NTp	enuroot.dic
ictinus	iKT|1N@S	enuroot.dic
ignimbrite	i1GNiMBRITp	enuroot.dic
ignitor	iGN|1t3	enuroot.dic
